1,Алгоритмы на графах
2,Функциональное программирование
3,Функциональное программирование
4,Современные компьютерные технологии
5,Паттерны проектирования приложений
6,Основы программирования
7,Языки программирования
8,Разработка компиляторов
9,Языки и методы программирования
10,Уравнения математической физики
11,Практикум на ЭВМ
12,Численные методы
13,Практикум на ЭВМ (численные методы)
15,Компьютерные сети
16,Численные методы
17,Практикум на ЭВМ (численные методы)
18,Технологии БД
19,Технологии БД
20,Разработка пользовательского интерфейса на Джава
21,Многопоточное программирование на Джава
22,Теория сложности вычислений
23,Алгоритмы на графах
24,Математическая логика
25,Практикум на ЭВМ
26,Дискретная математика
27,Введение в администрирование Виндовс
29,Алгебра
30,Алгебра
31,Математическая логика и теория множеств
32,Теоретическая механика
33,Введение в ООП
34,Компьютерные науки
35,Параллельное программирование
36,Теория чисел
37,Вычислительные системы и микропрограммирование
38,Теоретическая механика
39,Теоретическая механика
40,Компьютерные сети
41,Математический анализ
42,Дискретная математика
43,Теория чисел и числовые системы
44,История ПМ и И
45,Теоретическая и прикладная механика
46,Плоские и пространственные задачи теории упругости
47,Иностранный язык
48,Дифференциальные уравнения
49,Математический анализ
50,Основы механики сплошной среды
51,Математические модели в механике сплошной среды
52,Алгебра и геометрия
53,Иностранный язык
55,Механика материалов
56,Физико-механический практикум
57,Интернет-программирование
58,Приложения функционального анализа в МСС
59,Основы механики стенок кровеносных сосудов
60,Устойчивость и упр. движение
62,Введение в наномеханику
63,Информационные системы и сети
64,Иностранный язык
65,Иностранный язык
66,Общие вопросы элементарной математики
67,Приложения функционального анализа в МСС
68,Механика разрушений
69,Современные проблемы механики
70,Иностранный язык
71,История ПМ и И
72,Иностранный язык
73,История и методология прикладной математики и информатики
74,Функциональные пространства
75,Базы данных
76,Цифровые образовательные ресурсы в обучении математике: методика использования и технологии разработки
77,Программная инженерия
78,Программная инженерия
79,Теория государства и права
80,Гидроупругость
81,Методы идентификации динамических систем
82,Устойчивость и упр. движение
83,Гидроупругость
84,Актуальные проблемы гидромеханики
85,Методы идентификации динамических систем
86,Эксп. методы в механике ДТ
87,Методы оптимизации и исследование операций
88,Метод граничных интегральных уравнений
89,Курсы профилизации: метод граничных интегральных уравнений в матфизике
90,Математический анализ
91,Муниципальная власть в РФ
92,Курс по выбору 3
93,Программирование в среде Виндовс
94,Международное право
95,Научно-исследовательский семинар по механике деформируемых тел и сред
96,Алгебра
97,Функциональный анализ
99,Геометрия
100,Введение в биомеханику
101,Моделирование живых систем
102,Уголовное право (Общая)
103,Уголовное право (Общая)
105,Уголовное право (Общая)
106,Уголовное право (Общая)
107,Уголовное право (Общая)
108,Международное право
109,Введение в ООП
110,Современные модели материалов
111,Архитектура ОС Виндовс
112,Криминология
113,Программное обеспечение ПК
114,Конфигурирование информационных образовательных си
115,Свободно распространяемое программное обеспечение
116,Уголовное право
117,Уголовное право
118,Уголовное право
119,Уголовное право
120,Уголовное право
121,Уголовное право
122,Уголовное право
123,Теория автоматов и формальных грамматик
124,Информационно-коммуникационные технологии
125,Основы истории политических и правовых учений
127,Методы визуализации гидродинамических потоков в среде АНСИС
128,Экспериментальные методы в гидроаэродинамике
131,Алгебра и геометрия
132,Трудовое  право
133,Трудовое  право
134,Методология и методы научного исследования
135,Мировые информационные ресурсы
136,Математические модели гидродинамики кровообращения
137,История отечественного государства и права
138,Актуальные проблемы жилищного права
139,Права человека
140,Трудовое  право
141,Уравнения Коши-Римана
142,Дополнительные главы функционального анализа 2
143,Римское частное право
144,Оценка сложности алгоритмов
145,Микропрограммирование
146,Микропрограммирование
147,Основы информатики
149,Гражданское право
150,Семейное право
151,Комплексный анализ
152,Математический анализ
153,Гражданское право
155,Численные методы
157,Геометрия
158,Теория и методика математического образования
159,Гражданско-правовые обязательства и способы их обеспечения
160,Арбитражный процесс
161,Избранные главы математического анализа
163,Основы информатики
164,Численные методы
165,Земельное право
166,Уголовная политика
167,Современное пенитенциарное право
168,Конституционная юстиция как гарант прав местного самоуправления
169,Численные методы
170,Теория бифуркаций для задач гидродинамики
171,Векторный анализ и теория поля
172,Избранные разделы алгебры и теории чисел
173,Численные методы
174,История государства и права зарубежных стран
175,Математический анализ
176,Алгебры непрерывных функций
177,Практикум на ЭВМ
178,Дифференциальная геометрия и топология
179,Уголовный процесс
180,Объектно-ориентированное программирование
182,Компьютерная графика
183,Теоретические основы школьного курса информатики
184,Мультимедиа и Интернет технологии
185,Теоретические основы информатики
186,Программирование для решения профессиональных задач
187,Методология разработки сетевых образовательных ресурсов
188,Вычислительная механика
189,Численные методы
190,Дифференциальные уравнения
191,Алгебра и геометрия
192,Дискретные математические модели
193,Дифференциальные уравнения
194,Вариационное исчисление и методы оптимизации
195,Зарубежное и международное уголовное право
196,Гражданское право
199,Уравнения математической физики
200,Криминалистика
201,Практикум по решению задач на ЭВМ
202,Основы квалификации преступлений
203,Методы оптимизации и исследование операций
204,Разработка кроссплатформенных приложений
205,Уравнения математической физики
206,Иностранный язык
207,Дополнительные главы алгебры
209,Компьютерное моделирование
210,Языки и методы программирования
211,Экспериментальные методы в МСС
212,Курс профилизации: компьютерное моделирование потоков
213,Современные информационно-издательские системы
215,Интеллектуальные системы
216,Курс по выбору 1
217,Курс по выбору 2
218,Правовое регулирование строительной деятельности
219,Компьютерная графика
220,Операционные системы
221,Математическая логика и теория алгоритмов
222,Дискретная математика
223,Дискретная математика в приложениях и задачах
224,Комплексный анализ
225,Математический анализ
226,Замечательные кривые
227,Теория чисел и числовые системы
228,Дополнительные главы исследования операций
229,Конституционное право
230,Математический анализ
231,Математический анализ
232,Муниципальные финансы
233,Уравнения математической физики
234,Нечеткие экспертные системы
235,Нечеткие множества
236,НИС
237,Теория вероятностей и математическая статистика
238,Уравнения математической физики
239,Теория функций действительного и комплексного переменного
240,Теория вероятности и математическая статистика
241,Основы вариационного исчисления
242,Теория вероятностей и математическая статистика
243,ООП и С++
244,Геометрия
245,Математический анализ
246,Числа Фибоначчи и рекуррентные соотношения
247,Математическая логика и теория алгоритмов
248,Уравнения в частных производных
249,История и мет. механики
250,Аппаратно-программное обеспечение образовательного
251,Средства СПО для обработки графических изображений
254,Курс профилизации: численное решение задач прикладной математики
255,Курс профилизации: численное решение задач прикладной математики
256,Методика преподавания информатики в системе непрерывного образования
257,Специальные функции
258,Теория и методика математического образования
259,Математический анализ
260,Базы данных
261,Дифференциальные уравнения
262,Современные компьютерные технологии
263,Математические модели естественных наук
264,Приложения математических методов к решению геометрических задач
265,Интеллектуальные системы
266,Теория вероятностей и математическая статистика
267,История математики и математического образования в России
268,Компьютерное моделирование в научных исследованиях
269,Современные проблемы ПМ и М
270,Математические основы защиты информации
271,Практикум на ЭВМ
272,Компьютерный практикум по механике (Методы конечных и граничных  элементов в механике)
273,Современные проблемы механики
274,"Проектирование, разработка и использование информационно-образовательных сред"
275,Функциональный анализ
276,Проблемы становления и развития государства и права Польши
277,Современные БД
280,Методология дидактических исследований в информатике
281,Гражданский процесс
282,Алгоритмы и ППП для суперкомпьютеров
284,Элементы гармонического анализа
285,Курс профилизации: процедурно и объектно-ориентированное программирование на С++
287,Многопоточное программирование на Джава
288,Информационные технологии: система Латех2е
290,Элементы гармонического анализа
291,Обратные задачи в биомеханике
292,Дискретные математические модели
293,Дискретные математические модели
294,Модели защиты информации
295,Некоммутативные коды
296,Теория информации
297,КСЕ
298,Платформа .НЕТ
299,Прикладные задачи математической физики
301,СУБД ОРАКЛ
302,Задачи оптимального управления
303,Уравнения Коши-Римана
304,Теория вероятности и математическая статистика
305,Теория вероятности и математическая статистика
306,Методы анализа и синтеза оптимальных конструкций
307,Экспериментальные методы в МСС
308,Базы данных
309,Асимптотические методы
310,Геометрические методы математической физики
311,Курс по выбору 3
312,Аналитическая геометрия
313,"Методика обучения математике в старшей, профильной и в высшей школе"
314,Уравнения с частными производными
315,Дополнительные главы алгебры
316,Элементы гармонического анализа
318,Фи-теория
319,Прикладные задачи математической физики
320,Фи-теория
321,Иностранный язык
323,Моделирование турбулентности
324,Современные компьютерные технологии
325,Моделирование динамических систем
326,Моделирование динамических систем
327,Мониторинг и управление сложными системами
328,Технология программирования и практикум на ЭВМ
329,Уравнения математической физики
330,Компьютерная биомеханика
331,Курс профилизации: методы исследования устойчивости уравнений матфизики
332,Проектирование информационных систем
333,Курс профилизации: программирование на С++
334,Семинар в области информационных технологий
335,Компьютерное моделирование в Мепл
336,Дополнительные главы исследования операций
337,Алгебра
339,Обобщенные функции и их приложения
340,Механика жидкости и газа
341,Механика жидкости и газа
343,Аналитическая аэрогидродинамика на компьютере
344,Пакет прикладных программ
345,Теория автоматов и шифров
346,Современные проблемы прикладной математики и информатики
347,Ряды Фурье
348,Компьютерное исследование нелинейных динамических систем
349,Экспериментальные методы в МДДТ
350,Разработка оптимизирующих компиляторов
351,Методы идентификации
352,Актуарная математика
353,Кооперативные игры и их приложение
354,Элементарная математика и ПРМЗ
355,Модели турбулентности
356,Дополнительные главы алгебры
357,Программные средства информационной безопасности
358,Аппаратные проблемы информационной безопасности
359,Веб- и XML-технологии
360,Защита в сетях
362,Основы программирования
363,Архитектуры ПК
364,Объектно-ориентированное программирование
365,Языки и методы программирования
366,Разработка кроссплатформенных приложений
367,Методика обучения информатике на предпрофильном этапе и в профильной школе
369,Информационные образовательные среды
370,Методика обучения и воспитания информатике
371,Курс по выбору
372,Математические модели для биологических жидкостей
373,Научно-исследовательский семинар по механике деформируемых тел и сред
374,Геометрия многообразий
375,Информационные технологии: система Латех2е
376,Методы идентификации динамических систем
377,Динамика вязкого газа
378,Дискретные математические модели
379,Разработка пользовательского интерфейса на Джава
380,"Методика обучения математике в старшей, профильной и в высшей школе"
381,Теория чисел
382,Дискретные модели системного анализа
383,Дискретные модели системного анализа
384,Моделирование проблем сопряжения методом конечных элементов
385,Научно-методический семинар
386,История избранных разделов высшей геометрии
387,Дифференциальная геометрия и топология
388,Профессиональная юридическая деятельность
389,Развитие пространственного мышления учащихся при изучении курса геометрии в старшей школе
390,Административное право
391,Дополнительные главы теории чисел
392,Выборы и становление многопартийности
393,Дополнительные главы алгебры
394,Участие прокурора в рассмотрении уголовных дел
395,Стандартная библиотека С++
396,Теория вероятностей и математическая статистика
397,Защита гражданских прав
398,Дифференциальные уравнения
399,Дифференциальные уравнения
400,Теория автоматов и формальных грамматик. Курсовая работа
401,Вычислительные системы и микропрограммирование
402,Актуальные проблемы вещного права
403,Доказывание и доказательства в гражданском и арбитражном процессе
404,Конкурентное право
405,Модели компьютерной безопасности
406,Избранные разделы математического анализа
407,Актуарная математика
408,Основы теории вероятностей
409,Защита информации в сети
410,Группы Ли и дифференциальные уравнения
411,Интегро-дифференциальные уравнения финансовой математики
412,Методика преподавания информатики в системе непрерывного образования
413,Курс по выбору
414,Практикум на ЭВМ
415,СуперЭВМ
416,Основы программирования
417,Уравнения математической физики
418,Математический анализ
419,История информатики и вычислительной техники
420,История математики
421,Практикум на ЭВМ
422,Языки и методы программирования
423,Технологии БД
424,Практикум на ЭВМ
425,Вариационное исчисление и методы оптимизации
426,Уголовное право (Общая)
427,Уголовное право (Общая)
428,Уголовное право (Общая)
429,Уголовное право (Общая)
430,Уголовное право (Общая)
432,Уголовное право
433,Уголовное право
434,Уголовное право
435,Уголовное право
436,Уголовное право
437,Уголовное право
438,Уголовное право
439,Методы оптимизации и исследование операций
440,Алгебра
441,Теория чисел и числовые системы
443,Уголовный процесс
444,Дискретная математика и математическая логика
445,Методы оптимизации и исследование операций
447,Методы оптимизации и исследование операций
449,Математический анализ
451,Гражданский процесс
452,Гражданское право
453,Пакет прикладных программ
454,Технология программирования и практикум на ЭВМ
455,Архитектура вычислительных систем
456,Архитектура компьютеров
457,Современные модели материалов
458,Предпринимательское право
459,Гражданское право
460,Предпринимательское право
461,Неклассические логики
462,Математическая экология
463,Разработка пользовательского интерфейса
464,Параллельное и многопоточное программирование
465,Платформа .НЕТ
466,Международное частное право
467,Алгебра линейных операторов в конечномерных линейных пространствах
468,Дифференциальные уравнения
469,Дифференциальные уравнения
470,Информационно-коммуникационные технологии
471,Право социального обеспечения
472,Дифференциальные уравнения
473,Дополнительные главы математической физики
474,Избранные главы нелинейной динамики
475,Технологии веб-дизайна образовательных ресурсов
476,Практикум по решению задач на ЭВМ
477,Математическая логика
478,Численные методы
479,Математическая логика и теория алгоритмов
480,"Теория полезности, кооперативные игры и их приложения"
481,Информационные технологии
482,Компьютерное моделирование в АНСИС
483,Интегральные уравнения
484,Нейронные сети
485,Логическое программирование
486,Детерминированная финансовая математика
487,Алгебра и геометрия
488,Геометрия
489,Теория и методика математического образования
490,Алгебра и геометрия
491,Дискретная математика
492,Дискретная математика и математическая логика
493,Теория государства и права
494,Курс профилизации: сетевые технологии
495,Нотариат в РФ
496,Административное право
497,Конституционное право
498,Правоохранительные органы
499,Адвокатура в РФ
500,Сети Изернет и ТСР/IP (ТК)
501,Технологии Джава
502,Гражданское право
503,Несостоявшиеся и недействительные сделки
504,Математический анализ
505,Комплексный анализ
506,КПЗС
507,Теория полезности и кооперативные игры
508,Экспериментальные методы в гидроаэродинамике
509,Прикладная газовая динамика
510,Практикум на ЭВМ по гидроаэродинамике
511,Основы бизнеса
512,Профессиональные навыки юриста
513,Правовые семьи сложносоставных гособразований
514,Муниципальное право
515,Финансово-экономическая основа местного самоуправления
516,Налоговое право
517,Математический анализ
518,Уголовное законодательство: современное состояние и перспективы развития
519,Математические основы защиты информации
520,Математические основы защиты информации
521,Теория информации и криптография
522,Корпоративное право
523,Стратегический менеджмент малых и средних предприятий
524,Иностранный язык
525,Иностранный язык
526,Риск-менеджмент
529,Теоретическая механика
530,Теоретическая и прикладная механика
531,Математические модели и вычислительные методы финансовой математики
532,Механика сплошной среды
533,Создание программного обеспечения
534,Теоретическая и прикладная механика
535,Деловые коммуникации
536,Математический анализ
537,Финансовый инжиниринг
538,Прикладная газовая динамика
539,Аэроакустика
541,Коучинг
542,Маркетинговые исследования
543,Избранные главы математического анализа
544,Системы линейных дифференциальных уравнений и методы их решения
545,Теория функций действительного и комплексного переменного
546,История математики
547,История математики
548,Математический анализ
549,Математический анализ
550,Стратегический маркетинг
552,Алгоритмы и структуры данных
553,Программирование на Турбо Паскале
554,Программирование на языке Питон
555,Методика обучения математике
556,Введение в информатику
557,Курс по выбору 1
558,Геометрические построения на перспективном чертеже
559,Развитие пространственного мышления учащихся при изучении курса геометрии в основной школе
560,Методика обучения учащихся решению текстовых задач в основной школе
563,Алгоритмы оптимизации на графах
564,Методы оптимизации и исследование операций
565,Государственное регулирование экономики
566,Лизинг и факторинг
567,Семинар в области информационных технологий
568,Комплексный анализ
569,Линейная и общая алгебра
570,Нелинейные задачи теории упругости и пластичности
571,Функциональный анализ
572,Методы защиты информации
573,Преобразование программ
574,Курс профилизации: объектно-ориентированное программирование
575,Математические модели в механике сплошной среды
576,Педагогические риски информатизации образования
577,Методологический семинар
578,Педагогическая информатика
579,Алгебра и геометрия
580,Цифровая обработка сигналов
581,Линейная и общая алгебра
583,Прикладное программирование и решение задач матфизики
584,"﻿Современные технологии сбора, обработки и анализа правовой информации"
585,Анализ и обработка изображений
586,Математические модели для биологических жидкостей
587,Информационные технологии в профессиональной деятельности
588,Территориальный маркетинг
589,Цифровая обработка сигналов
590,История информатики
591,Математический анализ
592,Компьютерные науки
593,Алгоритмы решения вычислительно сложных задач
594,Информационные технологии: система Латех2е
595,Маркетинговые информационные системы
596,Кодовые криптосистемы
597,Логистика
599,Теория случайных процессов в механике
600,Экспериментальные методы в МДДТ
601,Оценка стоимости бизнеса
602,Современные численные методы
603,Приложение математических методов к решению геометрических задач
604,История избранных разделов высшей геометрии
605,Численные методы
606,Численные методы
607,Вычислительная математика
608,Поведение потребителей
609,Численные методы
610,"Устойчивость динамических систем, бифуркации и хаос"
611,Теория катастроф и ее приложения
613,﻿Стеганография
614,Математические модели для биологических жидкостей
615,Веб-технологии
616,Веб-технологии
617,Математические модели естественных наук
618,Теория федерализма
619,Физико-механический практикум
620,Разработка корпоративных приложений
621,﻿Теория игр и ее приложения
622,Численные методы
623,﻿Моделирование информационных систем
624,Курс по выбору
625,Физико-математический практикум и вычислительная механика
626,Анализ программного кода
627,﻿Дополнительные главы теории экстремальных задач
628,Основные направления развития гражданского процесса
629,Деловые коммуникации
630,Деловые коммуникации
631,Непрерывные математические модели
632,Динамика механических систем
633,Современные вычислительные технологии
634,Математические модели гидродинамики кровообращения
635,Комплексный анализ
636,Геометрия
637,Криптография
639,Курс профилизации: алгоритмы алгебры и теории чисел
640,Актуальные проблемы ответственности в гражданском праве
641,Непрерывные математические модели
642,Алгебра
643,Функциональный анализ
644,Финансовое право
645,Эконометрика
646,Теория алгоритмов
647,﻿Дифференциальное исчисление на алгебраических многообразиях
648,Проблемы доказывания в уголовном судопроизводстве и судебная экспертиза
649,Теория случайных процессов
650,Теория конечных графов
651,Программирование
652,Анализ программного кода
653,Развитие научной теории и законодательства по конституционному и административному праву
654,Уравнения математической физики
656,﻿Экономическая теория
657,Теория случайных процессов
658,Компьютерная графика
659,Педагогика
660,﻿Основы финансовой математики
661,Численные методы в аэрогидродинамике
662,Русский язык
663,Физика
664,Курс профилизации: асимптотические и численные методы
665,Научно-исследовательская работа
667,Операционные системы
668,Иностранный язык
669,Пространства гладких функций
670,"Конфигурирование и программирование в системе ""1С: Предприятие"""
671,Динамика вязкой жидкости
672,Практикум на ЭВМ
674,Алгоритмы быстрых вычислений
675,Технологии ресурсного обеспечения информационно-образовательного пространства
676,Функциональный анализ
677,Математические основы искусственного интеллекта
680,Технология программирования и практикум на ЭВМ
682,﻿Веб-технологии
683,Искусственный интеллект
684,Программирование ускорителей пераллельных вычислений
685,Программирование ускорителей пераллельных вычислений
686,﻿Психологические основы воспитания
687,Моделирование и компьютерный дизайн современных активных материалов
688,Концепции современного естествознания
689,Математический английский
690,﻿Уравнения типа свертки
691,Сингулярные интегральные уравнения
692,Стохастическое моделирование и методы обработки статистических данных
693,Проeкционно-сеточные методы и моделирование в МатЛаб
694,Математический анализ
695,Численные методы решения некорректных задач
696,Иностранный язык
697,Иностранный язык
698,Компьютерная графика
699,Иностранный язык
700,Языки и методы программирования
701,Механика материалов
702,Практикум по решению задач на ЭВМ
703,Физика
704,Педагогика
705,Дополнительные главы алгебры
706,Введение  в педагогическую деятельность
707,"Проектирование, разработка и использование информационно-образовательных сред"
708,Основы искусственного интеллекта
709,Курсовая работа
710,Методика обучения ИКТ взрослых слушателей
711,Курсовая работа
712,Научно-исследовательская работа
713,Курсовая работа
714,Курсовая работа
715,Курсовая работа
716,Курсовая работа
717,Курсовая работа
718,Курсовая работа
719,Теоретические основы информатики
720,Физика
721,Физика
722,Физика
723,Курсовая работа
724,﻿Преддипломная практика
725,Динамика вязкой жидкости
726,Асимптотические методы
727,Методика подготовки учащихся к участию в математических конкурсах и олимпиадах
728,Курсовая работа
729,Курсовая работа
730,Русский язык в сфере профессиональной коммуникации
731,Дифференциальная геометрия. Теория кривых
732,Элементарная математика и ПРМЗ
733,Научно-исследовательская работа
735,Курсовая работа
737,﻿Преддипломная практика
738,Научно-исследовательская работа
746,Контактные задачи теории упругости
747,Курсовая работа
748,Численные методы решения некорректных задач
750,Курсовая работа
751,﻿Преддипломная практика
752,Курсовая работа
753,Научно-исследовательская работа
754,Иностранный язык
757,Иностранный язык
758,Физико-математический практикум и вычислительная механика
759,Основания геометрии
760,Социальная психология
761,Математический анализ
762,Методы оптимизации и исследование операций
763,Компьютерная биомеханика
764,Учебная практика
765,Иностранный язык
766,История
767,Контактные задачи теории упругости
768,Теория вероятностей и математическая статистика
769,Геометрическая теория многогранников
770,Курсовая работа
771,Курсовая работа
772,Курсовая работа
773,Геометрия
774,Курсовая работа
776,Научные основы элементарной математики
777,Экспериментальные методы в МСС
778,Компьютерные сети
779,Численные методы
781,Дифференциальная геометрия и топология
783,Курсовая работа
784,Курсовая работа
785,﻿Преддипломная практика
786,Научно-исследовательская работа
787,Генетические алгоритмы и нейронные сети
788,Иностранный язык
789,﻿Преддипломная практика
790,Математические модели механики сплошной среды и биомеханики
791,Исследование операций
792,Исследование операций
793,Курсовая работа
794,﻿Преддипломная практика
795,﻿Преддипломная практика
796,Избранные главы нелинейной динамики
797,История
798,Иностранный язык
799,﻿Преддипломная практика
801,﻿Преддипломная практика
802,Иностранный язык
803,Научно-исследовательский семинар по механике деформируемых тел и сред
804,Программное обеспечение педагогического исследования
805,Некоммутативные коды
807,Учебная практика
808,Моделирование современных композиционных материалов
809,Теория пластин и оболочек
810,Механика полимеров и композитных материалов
811,Иностранный язык
813,Процессы Леви и финансовая математика
816,Процессы Леви и финансовая математика
817,Современные проблемы науки и образования
818,Современные проблемы науки и образования
819,Методические системы обучения информатике на разных уровнях образования
820,Методика обучения и воспитания информатике
821,Курсовая работа
822,Иностранный язык
823,﻿Преддипломная практика
824,Немецкий язык
825,Научно-исследовательская работа
826,Научно-исследовательская работа
827,﻿Преддипломная практика
829,﻿Преддипломная практика
830,Метапрограммирование в С++
831,Иностранный язык
832,Связи с общественностью
834,﻿Преддипломная практика
835,Немецкий язык
836,Курсовая работа
837,﻿Преддипломная практика
838,ООП и С++
839,Управление стоимостью компании
840,Педагогическая практика
842,﻿Преддипломная практика
843,Численные методы линейной алгебры для разреженных матриц
844,Теория государства и права
846,Теория государства и права
847,Теория вероятностей и математическая статистика
848,Методы алгебраической геометрии
851,Уравнения математической физики
852,Уравнения математической физики
854,Производственный менеджмент
856,Аналитическая геометрия
857,Уравнения с частными производными
858,Уравнения с частными производными
859,Уравнения с частными производными
860,Математика
865,Курсовая работа
866,﻿1С:УТ
867,Методы анализа организаций и моделирования бизнес процессов
868,Теоретические основы информатики
869,Архитектура компьютеров
870,Программное обеспечение ПК
871,﻿Интегральные операторы с однородными ядрами
872,История государства и права зарубежных стран
873,История отечественного государства и права
874,﻿Моделирование информационных систем
875,Курсовая работа
876,Возрастная психология
877,Пространства гладких функций
878,Основы построения бизнес-процессов
879,Управление качеством
880,Учебная практика
881,Учебная практика
882,Учебная практика
883,Разработка пользовательского интерфейса на Джава
884,Базы данных
885,Алгебра
886,Алгебра
887,Теория чисел
888,Теория чисел и числовые системы
889,Практикум на ЭВМ
890,Паттерны проектирования приложений
892,Научно-исследовательская практика
893,Компьютерная графика
894,Конституционная юстиция как гарант прав местного самоуправления
895,Земельное право
896,Муниципальная власть в РФ
897,Криминалистика
898,Языки программирования
899,Трудовое  право
900,Компьютерное моделирование в Мепл
901,История отечественного государства и права
902,Практикум на ЭВМ
903,Основы информатики
905,Технологии БД
906,Теория государства и права
907,История государства и права зарубежных стран
908,Дифференциальная геометрия и топология
909,Основы истории политических и правовых учений
910,Геометрия
911,Инновационный менеджмент
912,Уголовный процесс
913,Гражданское право
914,Актуальные проблемы жилищного права
917,"Гражданско-правовые договоры,регулирующие инвестиционные отношения"
918,Юридическая конфликтология
919,Рекуррентные соотношения
920,Международное право
921,Уголовное право (Общая)
922,Основы квалификации преступлений
924,Европейские стандарты в уголовном процессе
925,Гражданский процесс
927,Уголовное право (Общая)
928,Римское частное право
929,Уголовное право (Общая)
930,Уголовное право (Общая)
934,Семейное право
935,Гражданско-правовые обязательства и способы их обеспечения
936,Гражданское право
937,Уголовное право
938,Уголовное право
939,Актуальные проблемы вещного права
940,Уголовное право
941,Уголовное право
942,Уголовное право
943,Элементы теории групп
944,Физика
945,Арбитражный процесс
946,Математическая логика
947,Неисковые производства
948,Методы оптимизации и исследование операций
950,Методы оптимизации и исследование операций
951,Альтернативы уголовной ответственности
952,Пересмотр судебных постановлений в гражданском процессе
954,Насильственная преступность и криминальная агрессия
955,Компьютерные сети
956,Курс профилизации: компьютерное моделирование потоков
957,Экспериментальные методы в гидроаэродинамике
958,Методы визуализации гидродинамических потоков в среде АНСИС
959,Криминология
960,Криминология
961,Криминология
962,Криминология
963,Криминология
964,Криминология
965,Профессиональная этика и стандарты антикоррупционного поведения
966,Профессиональная этика и стандарты антикоррупционного поведения
967,Профессиональная этика и стандарты антикоррупционного поведения
969,Профессиональная этика и стандарты антикоррупционного поведения
970,Современное пенитенциарное право
971,Налоговое право
972,Конституционное судебное право и судебный процесс
973,Параллельное программирование
974,Математический анализ
975,Параллельное и распределенное программирование
976,Внутригосударственные и международно-правовые механизмы защиты основных прав и свобод
977,Численные методы
978,Конституционное право
979,Численные методы
980,Численные методы
981,Численные методы
982,Численные методы
983,Практикум на ЭВМ (численные методы)
984,Программная инженерия
985,История и методология прикладной математики и информатики
986,История и методология ПМ и Информатики
987,Практикум по решению задач на ЭВМ
988,Языки программирования
989,Общие вопросы элементарной математики
990,Современные компьютерные технологии
992,Численные методы
993,Дифференциальные уравнения
994,Дифференциальные уравнения
995,Дифференциация в правовом регулировании трудовых отношений
996,Правовые основы антикризисного управления
997,Дискретные модели системного анализа
998,Дискретная математика
999,Математическая логика и теория алгоритмов
1000,Математический анализ
1001,Педагогика
1002,Алгебра и геометрия
1003,Актуальные проблемы уголовного права ч.1
1004,Теоретическая и прикладная механика
1005,Теоретическая механика
1006,Научно-исследовательская работа
1007,Теоретическая и прикладная механика
1008,Научно-педагогическая практика
1009,Физика
1010,Вычислительные системы и микропрограммирование
1011,Теория автоматов и формальных языков
1014,Математический анализ
1015,Комплексный анализ
1016,Информационные технологии: система Латех2е
1017,Алгоритмы на графах
1018,Алгебра и геометрия
1019,Алгебра и геометрия
1020,Теория и методика математического образования
1021,Финансовое право
1022,Основы операционного исчисления
1023,Теория вероятности и математическая статистика
1024,Дискретная математика
1025,Математическая логика и теория множеств
1029,Основы механики сплошной среды
1030,Математические модели в механике сплошной среды
1031,Научно-исследовательский семинар по механике деформируемых тел и сред
1032,Плоские и пространственные задачи теории упругости
1033,Математический анализ
1034,Математический анализ
1035,Теория автоматов и шифров
1036,Современное пенитенциарное право
1037,Зарубежное и международное уголовное право
1038,Приложения функционального анализа в механике сплошных сред
1039,Исследование систем управления
1041,Средства СПО для обработки графических изображений
1042,Корпоративная социальная ответственность
1043,Алгебра и геометрия
1045,Управление человеческими ресурсами
1046,Алгебра
1047,Криминалистика
1048,Теория и технология программирования
1049,Операционные системы
1053,Стандартная библиотека С++
1054,Дифференциальные уравнения
1055,Практикум на ЭВМ (компьютерные сети)
1056,Численные методы
1058,Универсальный пакет Мепл
1059,Теоретическая механика
1060,Непрерывная математика
1062,Компьютерное моделирование
1064,Информационно-коммуникационные технологии
1065,Основы программирования
1066,Математический анализ
1067,1С: Основные объекты
1068,Комплексный анализ
1069,Методика обучения и воспитания информатике
1072,Методы и приложения компьютерной алгебры
1073,Функциональное программирование
1074,Современные компьютерные технологии
1075,Разработка кроссплатформенных приложений
1076,Уравнения математической физики
1077,Языки и методы программирования
1080,Основы информатики
1082,Избранные главы математического анализа
1083,Избранные главы математического анализа
1084,Практикум на ЭВМ
1085,Моделирование динамических систем
1086,Математический анализ
1087,Ряды Фурье
1088,Ряды Фурье
1090,Дифференциальные уравнения
1091,Геометрия
1092,Оценка сложности алгоритмов
1094,Дополнительные главы анализа
1095,Замечательные кривые
1096,Теория и методика математического образования
1097,Дискретные математические модели
1098,Теория информации
1099,Численные методы
1100,Детерминированная финансовая математика
1103,Вариационное исчисление и методы оптимизации
1104,Элементы гармонического анализа
1105,Банахова алгебра
1108,Геометрия
1109,Элементарная математика и ПРМЗ
1110,Модели контрактов и распределение ресурсов
1111,Задачи оптимального управления
1112,Актуарная математика
1113,Приложение математических методов к решению геометрических задач
1114,Числа Фибоначчи и рекуррентные соотношения
1116,Математический анализ
1117,Основы информатики
1118,Курс по выбору 1
1120,Функциональный анализ
1121,Асимптотические методы
1124,Нечеткие множества
1125,Математические модели экономических наук
1126,Векторный анализ и теория поля
1127,Курс профилизации: методы исследования устойчивости уравнений матфизики
1131,Цифровые образовательные ресурсы в обучении математики: методика использования и технологии разработки
1133,Учебная практика
1134,Введение в ООП
1136,История
1139,Дискретные математические модели
1140,Физика
1141,Пакеты прикладных программ
1142,Криптография
1143,Курсовая работа
1144,Курсовая работа
1146,Научно-методический семинар
1147,Программирование в среде Виндовс
1148,Моделирование живых систем
1149,Механика материалов
1150,Физико-механический практикум
1151,Курсовая работа
1152,Современные модели деформируемых систем
1153,Практикум на ЭВМ (численные методы)
1154,Языки и методы программирования
1155,Группы Ли и дифференциальные уравнения
1156,История и методология юридической науки
1157,Педагогика
1158,Теоретическая педагогика
1159,История и методология механики
1160,Методы оптимизации общения
1162,Математический анализ
1164,Модели компьютерной безопасности
1165,Уравнения математической физики
1166,Геометрические методы математической физики
1167,Общая психология
1168,Методы идентификации динамических систем
1169,Экспериментальные методы в МДДТ
1171,Методика написания магистерской диссертации
1172,Концепции современного естествознания
1173,Введение в наномеханику
1174,Педагогическая риторика
1175,Компьютерная графика
1176,Математический анализ
1177,Теория устойчивости
1178,Информационные образовательные среды
1179,Компьютерная математика
1180,Курсовая работа
1184,Курсовые работы по курсу Теория автоматов и формальных языков
1186,Курсовая работа
1187,Курсовая работа
1188,Курсовая работа
1189,Курсовая работа
1190,Прикладные задачи математической физики
1191,Векторный анализ и теория поля
1192,Методы идентификации
1193,Актуарная математика
1194,Защита в сетях
1195,Теория вероятностей и математическая статистика
1199,Курсовая работа
1200,Компьютерная верстка в ТеХ
1202,Современные проблемы ПМ и информатики
1203,Иностранный язык
1204,Иностранный язык
1205,Иностранный язык
1206,Иностранный язык
1207,Педагогическая психология
1208,Актуальные проблемы теории права
1210,Цифровая обработка изображений
1211,Разработка мобильных приложений для систем Андроид
1212,Программирование на С и С++
1213,Инновационная компьютерная дидактика
1214,"Проектирование, разработка и использование информационно-образовательных сред"
1215,Курсовая работа
1218,Практикум на ЭВМ (численные методы)
1219,История
1220,Обобщенные функции и их приложения
1221,Алгебра
1222,Устойчивость и упр. движение
1223,Курс профилизации: объектно-ориентированное программирование
1224,Научно-методический семинар
1225,Курсовая работа
1226,Курсовая работа
1227,Курсовая работа
1230,Математические основы защиты информации
1231,Распределенные базы данных
1232,Учебная практика
1233,Языки и методы программирования
1234,Теория бифуркаций для уравнений в частных производных
1235,БЖД
1236,Научно-исследовательская работа
1237,Научно-исследовательская работа
1238,Курс профилизации: численное решение задач прикладной математики
1239,Вычислительная механика
1240,Модели турбулентности
1243,Компьютерное исследование нелинейных динамических систем
1244,Научно-исследовательская работа
1245,Современные компьютерные технологии
1246,Компьютерный практикум по механике (Методы конечных и граничных  элементов в механике)
1247,Современные проблемы прикладной математики и информатики
1248,Теория вероятностей и математическая статистика
1249,Уравнения с частными производными
1250,Научно-исследовательская практика
1252,Философия и методология науки
1253,Философия
1254,Актуальные теоретические и методологические проблемы гражданского права
1255,Непрерывные математические модели
1256,Механика разрушений
1258,Компьютерные сети
1259,Особенности построения масштабируемых сетей
1263,НИС
1264,НИС
1265,Научно-исследовательская работа
1266,Научно-исследовательская работа
1267,Научно-исследовательская работа
1268,Языки и методы программирования
1269,Уравнения с частными производными
1270,Уравнения с частными производными
1271,Уравнения математической физики
1272,Педагогическая риторика
1273,Иностранный язык
1274,Дополнительные главы алгебры
1275,Особенности построения масштабируемых сетей
1276,Стохастическое интегрирование
1277,Управляемые диффузионные процессы и финансы
1278,Основы информатики
1281,Научно-исследовательская работа
1282,Немецкий язык
1284,Немецкий язык
1285,Немецкий язык
1286,Моделирование системы проектно-исследовательской деятельности педагога и обучающихся
1287,Современные компьютерные технологии
1288,Методика обучения и воспитания информатике
1289,Методика обучения информатике в начальной школе и дошкольных образовательных учреждениях
1290,Методические системы обучения информатике на разных уровнях образования
1291,Методические системы обучения информатике на разных уровнях образования
1292,Визуализация контента образовательной сети
1293,Современные модели материалов
1294,Языки и методы программирования
1295,Финансовое право
1296,Финансовое право
1297,Финансовое право
1300,Культура здоровья
1302,Базы данных
1304,Научно-исследовательская работа
1305,БЖД
1306,Разработка оптимизирующих компиляторов
1307,Разработка распределенных приложений
1308,НИС
1310,Естественно-научная картина мира
1312,Современные вычислительные технологии
1313,Модели защиты информации
1314,Теория кодирования
1315,Механика жидкости и газа
1319,﻿Интегральные операторы с однородными ядрами
1320,Банахова алгебра
1321,Философия
1322,Продвинутые проблемы М.П.
1323,Дополнительные главы математической физики
1324,Функциональное программирование
1325,Современные БД
1326,1С: Основные объекты
1328,Корпоративные информационные технологии
1330,Семинар в области информационных технологий
1332,Научно-исследовательская работа
1333,Дифференциальная геометрия и топология
1334,"Теория вероятностей, математическая статистика"
1337,Геометрия многообразий
1338,Анализ программного кода
1339,Дополнительные главы геометрии
1340,Защита информации в сети
1341,Дополнительные главы алгебры
1342,Курс профилизации: программирование на С++
1343,Курс профилизации: процедурно и объектно-ориентированное программирование на С++
1344,Разработка компиляторов
1345,Платформа .НЕТ
1346,Немецкий язык
1347,Иностранный язык
1348,Научно-исследовательская работа
1349,Русский язык и культура речи
1350,Компьютерная графика
1351,Теория сферических гармоник
1352,Базы данных
1353,Экспериментальные методы в МДДТ
1354,Теория чисел
1355,История религии
1356,Стандартная библиотека С++
1363,Интеллектуальные системы
1365,Машинное обучение
1367,Администрирование вычислительных кластеров
1368,Разработка кроссплатформенных приложений
1370,Теория функций действительного и комплексного переменного
1371,Курсовая работа
1372,Иностранный язык
1373,Программное обеспечение ПК
1376,Курсовая работа
1378,Теоретическая физика
1379,Теория вероятностей и математическая статистика
1380,Уравнения математической физики
1381,Аналитическая геометрия
1382,Методологический семинар
1383,Правоведение
1384,1С: УПП
1385,Группы Ли и дифференциальные уравнения
1389,Модели защиты информации
1390,Информационные системы поддержки принятия решений
1391,Теория государства и права
1392,Теория полезности и кооперативные игры
1395,Теория алгоритмов
1396,Теория информации и криптография
1397,Математические основы защиты информации
1398,Математические основы защиты информации
1401,Практикум на ЭВМ
1402,Практикум на ЭВМ
1403,Компьютерная графика
1404,Алгебра
1405,Исследование операций и методы оптимизации
1406,Гидроупругость
1407,Курс профилизации: метод граничных интегральных уравнений в матфизике
1408,Основные концепции криминологической науки
1409,Информационные технологии
1410,Комплексный анализ
1411,Курс профилизации: сетевые технологии
1412,Микропрограммирование
1413,Интегральные уравнения
1414,Алгебра и геометрия
1415,Методы оптимизации и исследование операций
1416,Алгоритмы оптимизации на графах
1417,﻿Дополнительные главы теории экстремальных задач
1418,Алгебра
1419,Функциональный анализ
1421,Курс профилизации: алгоритмы алгебры и теории чисел
1422,Технологии Джава
1423,Технологии БД
1424,Параллельное и многопоточное программирование
1425,Платформа .НЕТ
1426,Уравнения математической физики
1427,Восстановительное правосудие и альтернативы уголовной ответственности
1428,Современное уголовное законодательство и практика его применения
1429,Уголовное право (Общая)
1430,Уголовное право (Общая)
1431,Уголовное право (Общая)
1432,Уголовное право (Общая)
1434,"Теория полезности, кооперативные игры и их приложения"
1435,КСЕ
1436,Метапрограммирование в С++
1437,Алгебра и геометрия
1438,Дискретная математика
1439,Математический анализ
1440,Математический анализ
1441,Физика
1442,Численные методы
1444,Гражданский процесс
1445,Административное право
1446,Актуальные проблемы уголовного права (ч.2)
1447,Международное право
1448,Уголовное право
1449,Уголовное право
1450,Уголовное право
1451,Уголовное право
1452,Уголовное право
1453,Теоретическая и прикладная механика
1454,Теоретическая механика
1455,Теоретическая и прикладная механика
1456,Суперкомпьютеры
1457,Дифференциальные уравнения
1458,Дифференциальные уравнения
1459,Математическая логика и теория алгоритмов
1460,Математическая логика
1461,Математический анализ
1462,Комплексный анализ
1463,Дополнительные главы анализа
1464,Функциональные пространства
1465,Международное частное право
1466,Численные методы
1467,Численные методы
1468,Уголовный процесс
1469,Методика обучения математике
1470,Гражданское право
1471,Методика обучения информатике
1472,Методика обучения информатике
1473,Основы искусственного интеллекта
1474,Программирование на языке Питон
1475,Операционные системы
1476,Корпоративное право
1477,Математический анализ
1479,Информационные технологии
1480,Муниципальное право
1481,Геометрия
1482,Основные направления развития гражданского процесса
1483,Гражданское право
1484,Семейное право
1485,Состояние и тенденции развития уголовного судопроизводства России
1486,Дифференциальные уравнения
1487,Влияние решений Европейского Суда на уголовное судопроизводство
1489,Математические модели и вычислительные методы финансовой математики
1490,Эконометрика
1491,Алгебра и геометрия
1493,Механика сплошной среды
1495,Политико-правовые ценности России
1496,виктимология
1497,Правоохранительные органы
1498,Финансово-экономическая основа местного самоуправления
1499,Предпринимательское право
1501,Конституционное право
1502,Административное право
1503,Проблемы доказывания в уголовном судопроизводстве и судебная экспертиза
1504,Математические модели механики сплошной среды и биомеханики
1505,Технология программирования и практикум на ЭВМ
1506,Архитектура компьютеров
1507,Методы оптимизации и исследование операций
1508,Гражданское право
1510,Актуальные проблемы ответственности в гражданском праве
1511,Проблемы теории и практики современного гражданского общества
1513,Теория кодирования
1514,Введение в ЮНИКС-подобные OC
1515,Развитие научной теории и законодательства по конституционному и административному праву
1516,1С: УПП
1517,Теория федерализма
1518,Основы программирования
1519,Практикум на ЭВМ
1520,Математическая логика и дискретная математика
1523,Логическое программирование
1524,Неклассические логики
1525,Алгебра
1527,Линейная и общая алгебра
1528,Правовые семьи сложносоставных гособразований
1529,История государства и права зарубежных стран
1530,﻿Теория игр и ее приложения
1531,Дискретные модели системного анализа
1532,Численные методы
1533,Универсальный пакет Мепл
1534,Вычислительная математика
1535,Математический анализ
1536,﻿Экономическая теория
1537,Веб-технологии
1538,Веб-технологии
1539,История
1540,Курс по выбору
1541,Правоведение
1543,Непрерывная математика
1544,Математический анализ
1548,Функциональный анализ
1549,Уравнения математической физики
1550,Теория языков программирования
1551,Разработка приложений для мобильных телефонов
1552,Теория вероятностей и математическая статистика
1553,Теория устойчивости
1554,Алгоритмы быстрых вычислений
1556,Цифровая обработка сигналов
1557,Кодовые криптосистемы
1558,Нелинейные задачи теории упругости и пластичности
1560,Компьютерные сети
1561,Численные методы
1563,Компьютерная верстка в ТеХ
1564,Создание программного обеспечения
1565,Функциональный анализ
1566,Нейронные сети
1567,Модели защиты информации
1568,Курс по выбору 2
1569,Современные численные методы в математическом моделировании
1570,Компьютерные науки
1571,Компьютерные науки
1572,Курс по выбору 1
1573,Математические модели в механике сплошной среды
1574,Научно-исследовательский семинар по механике деформируемых тел и сред
1575,Научно-исследовательская работа
1576,Функциональный анализ
1577,Банахова алгебра
1578,Банахова алгебра
1581,Вариационное исчисление и методы оптимизации
1583,История физики
1584,Цифровая обработка сигналов
1586,Курсовая работа
1588,Преобразование программ
1589,История избранных разделов высшей геометрии
1590,История информатики
1591,Прикладные задачи математической физики
1592,Компьютерное моделирование в АНСИС
1593,Теория случайных процессов в механике
1594,Курсовая работа
1595,Философия и методология науки
1596,Механика жидкости и газа
1597,Прикладная газовая динамика
1598,Практикум на ЭВМ по гидроаэродинамике
1599,Уголовное право зарубежных стран
1600,Вычислительная гидроаэродинамика
1601,Линейная и общая алгебра
1602,Педагогика
1603,Экспериментальные методы в гидроаэродинамике
1604,Курсовая работа
1605,Курсовая работа
1606,"Генетические алгоритмы, нейронные сети и моделирование в МатЛаб"
1607,Стохастическое моделирование и методы обработки статистических данных
1608,Методика обучения математике
1609,Распараллеливающие преобразования программ и разработка многоплатформенного ПО
1610,Распараллеливающие преобразования программ и разработка многоплатформенного ПО
1612,Языки и методы программирования
1613,Теория кодирования
1614,Анализ и обработка изображений
1615,Исследование операций и методы оптимизации
1616,Исследование операций
1617,Актуарная математика
1619,Курсовая работа
1620,Курсовая работа
1621,Актуальные проблемы уголовно-исполнительного права
1622,Нелинейные модели
1623,Алгоритмы и структуры данных
1624,Разработка корпоративных приложений
1625,Разработка корпоративных приложений
1626,Теория случайных процессов
1627,Аэроакустика
1629,Компьютерная биомеханика
1630,Базы данных
1631,БЖД
1632,Введение в биомеханику
1633,Численные методы решения некорректных задач
1634,Обратные задачи в естествознании
1635,Математический анализ
1637,"Конфигурирование и программирование в системе ""1С: Предприятие"""
1638,Русский язык и культура речи
1639,История в лицах
1640,Геометрия
1641,Геометрия
1642,Философия
1643,Программирование ускорителей пераллельных вычислений
1644,Программирование на С и С++
1645,"Нелинейная динамика, асимптотические и численные методы"
1646,Теория случайных процессов
1647,Экспериментальные методы в МСС
1648,Механика материалов
1649,Физико-механический практикум
1651,Физика
1652,Элементарная математика и ПРМЗ
1653,Современные численные методы
1654,Научные основы элементарной математики
1655,Практикум по решению задач на ЭВМ
1657,Математические модели естественных наук
1658,"Устойчивость динамических систем, бифуркации и хаос"
1659,Дифференциальные уравнения и их системы
1660,Избранные главы математического анализа
1661,Динамика механических систем
1662,Курс по выбору
1664,Современные методы защиты информации
1665,Введение в проектную деятельность.Проект 1.
1666,Прикладное программирование и решение задач матфизики
1668,Численные методы линейной алгебры для разреженных матриц
1669,Введение в проектную деятельность.Проект 1.
1670,Теория вероятности и математическая статистика
1671,Курс по выбору
1672,Курсовая работа
1675,Математические модели гидродинамики кровообращения
1676,Курс профилизации: асимптотические и численные методы
1677,Дифференциальная геометрия и топология
1678,Курсовая работа
1679,Курсовая работа
1680,Научно-исследовательская практика
1682,Моделирование и компьютерный дизайн современных активных материалов
1683,Концепции современного естествознания
1684,Процессы Леви и финансовая математика
1685,Иностранный язык
1686,Иностранный язык
1687,Иностранный язык
1688,Языки и методы программирования
1689,Геометрическая теория многогранников
1690,Курсовая работа
1691,Научно-исследовательская практика
1695,Возрастная психология
1696,Теория алгоритмов
1697,Иностранный язык
1698,Иностранный язык
1700,Информационно-коммуникационные технологии в образовании
1701,Научно-исследовательская практика
1702,﻿Преддипломная практика
1703,Курсовая работа
1704,Иностранный язык
1705,Педагогика
1706,Архитектура вычислительных систем
1707,Курсовая работа
1708,Курсовая работа
1711,Объектно-ориентированное программирование
1712,Курс по выбору
1713,﻿Преддипломная практика
1715,Дополнительные главы алгебры
1716,История математики
1717,История математики
1718,Немецкий язык
1721,Курсовая работа
1723,﻿Преддипломная практика
1724,Курсовая работа
1725,Программирование на С и С++
1726,Научно-исследовательская практика
1727,﻿Преддипломная практика
1728,Комплексный анализ
1729,Основания геометрии
1730,Стохастическое моделирование и методы обработки данных
1731,Немецкий язык
1732,Аппаратно-программное обеспечение образовательного
1733,Курсовая работа
1735,Курсовая работа
1736,Курсовая работа
1737,Преобразование программ
1738,Введение в проектную деятельность.Проект 1.
1739,Введение в проектную деятельность.Проект 1.
1740,﻿Преддипломная практика
1741,Педагогическая практика
1742,Научно-педагогическая практика
1743,Анализ программного кода
1744,Проектирование информационных систем
1745,Курс по выбору
1746,Курсовая работа
1747,Механика полимеров и композитных материалов
1748,Курсовая работа
1749,﻿Преддипломная практика
1750,Научно-исследовательская практика
1751,Механика жидкости и газа
1752,Курсовая работа
1753,Теория мартингалов с дискретным временем
1754,Курс профилизации: процедурно и объектно-ориентированное программирование на С++
1755,Методы анализа и синтеза опт. конст.
1756,Курсовая работа
1757,Теория сферических гармоник
1758,﻿Преддипломная практика
1759,﻿Преддипломная практика
1760,﻿Преддипломная практика
1761,Администрирование серверных систем на базе Виндовс
1762,﻿Преддипломная практика
1763,﻿Преддипломная практика
1764,Научно-исследовательская практика
1765,Моделирование и компьютерный дизайн композитных материалов
1766,Теория пластин и оболочек
1767,﻿Преддипломная практика
1768,Курс по выбору
1769,Теория вероятностей и математическая статистика
1770,﻿Теория игр и ее приложения
1771,﻿Преддипломная практика
1772,Социальная психология
1773,﻿Преддипломная практика
1774,Курсовая работа
1775,Непрерывные математические модели
1776,История религии
1777,Курсовая работа
1778,История религии
1780,Экономическая политика в сфере информационных технологий
1781,Модели контрактов и распределение ресурсов
1782,﻿Преддипломная практика
1783,﻿Преддипломная практика
1784,﻿Преддипломная практика
1785,﻿Преддипломная практика
1786,Курсовая работа
1787,Уравнения с частными производными
1788,Основы математической обработки информации
1789,Философия
1790,Прикладное программирование и решение задач матфизики
1791,Научно-исследовательская практика
1792,Нелинейные модели
1793,Курс по выбору
1794,Дополнительные главы дифференциальных уравнений
1795,Стохастический анализ
1796,Курсовая работа
1797,﻿Теория игр и ее приложения
1798,Учебная практика
1799,Современные модели материалов
1800,Непрерывные математические модели
1801,Языки и методы программирования
1802,Избранные главы нелинейной динамики
1803,Аналитическая геометрия
1804,Математические основы искусственного интеллекта
1805,Дополнительные главы алгебры
1806,Уравнения математической физики
1807,Дополнительные главы алгебры и дискретной математики
1808,Курсовая работа
1809,Учебная практика
1810,Курсовая работа
1811,Технологические вопросы внедрения 1С
1812,Адаптация 1С
1813,1С: Бухгалтерия
1814,1С: Бухгалтерские объекты
1815,Курсовая работа
1816,Учебная практика
1817,Теоретические основы информатики
1818,Курсовая работа
1819,Математические модели для биологических жидкостей
1822,1С: Бухгалтерия
1823,Учебная практика
1824,Учебная практика
1825,Учебная практика
1826,Учебная практика
1829,Учебная практика
1830,Учебная практика
1831,Технологии БД
1834,Гражданское право
1835,Семейное право
1836,Языки программирования
1837,Римское частное право
1838,Алгебра
1839,Алгебра
1840,Математический анализ
1841,Гражданское право
1842,Алгебра и геометрия
1843,Алгебра и геометрия
1844,Базы данных
1845,Математический анализ
1846,Дискретная математика и математическая логика
1847,Численные методы
1848,Программная инженерия
1849,Элементарная математика и ПРМЗ
1850,Методика обучения математике
1851,История математики
1852,Геометрия
1853,Теория автоматов и шифров
1854,Право социального обеспечения
1855,Гражданский процесс
1856,Неисковые производства
1857,Арбитражный процесс
1858,Теоретическая и прикладная механика
1860,Алгебра и геометрия
1861,Теоретическая механика
1862,Профессиональная этика и стандарты антикоррупционного поведения
1863,Научно-педагогическая практика
1864,Научно-педагогическая практика
1865,Трудовое  право
1866,Уголовное право (Общая)
1867,Уголовное право (Общая)
1868,Уголовное право (Общая)
1869,Уголовное право (Общая)
1870,Стандартная библиотека С++
1871,Математический анализ
1872,Параллельное программирование
1873,Разработка пользовательского интерфейса
1874,Научно-исследовательский семинар по механике деформируемых тел и сред
1875,Основы механики сплошной среды
1876,Математические модели в механике сплошной среды
1877,Научно-исследовательская работа
1878,Математический анализ
1879,Математический анализ
1880,Ювенальное уголовное право
1881,Актуальные проблемы вещного права
1882,Теория государства и права
1883,Актуальные проблемы жилищного права
1885,Сравнительное правоведение
1886,Земельное право
1887,Криминология
1888,Насильственная преступность и криминальная агрессия
1889,Интеллектуальные системы
1892,Методы оптимизации и исследование операций
1893,Уголовное право
1894,Уголовное право
1895,Уголовное право
1896,Уголовное право
1897,Практикум на ЭВМ (численные методы)
1898,Плоские и пространственные задачи теории упругости
1899,Приложения функционального анализа в механике сплошных сред
1900,Преступления в сфере здравоохранения
1902,История государства и права зарубежных стран
1903,Уголовный процесс
1905,Теория автоматов и формальных языков
1906,Технология программирования и практикум на ЭВМ
1907,Криминалистика
1908,История отечественного государства и права
1909,Философия
1910,Международное частное право
1911,Права человека
1914,Конституционное право
1916,Непрерывная математика
1917,История государства и права зарубежных стран
1918,Уравнения математической физики
1920,Финансовое право
1921,Курсовая работа
1922,Алгебра и геометрия
1923,Векторный анализ и теория поля
1924,Актуальные проблемы уголовного права
1925,Алгоритмы на графах
1926,Уравнения математической физики
1927,Цивилистическая теория защиты прав
1928,Актуальные проблемы теории права
1930,Механика сплошной среды
1931,Экспериментальные методы в гидроаэродинамике
1932,Курс профилизации: компьютерное моделирование потоков
1933,Дифференциальные уравнения
1934,Функциональное программирование
1935,Судопроизводство в мировых судах
1936,Дифференциальные уравнения
1937,Дифференциальные уравнения
1938,Прокуратура и прокурорская деятельность
1939,Ораторское искусство
1940,Практикум на ЭВМ
1941,Практикум на ЭВМ
1942,Основы информатики
1943,Основы информатики
1944,Правоохранительные органы
1945,Проблемы жилищного и наследственного права
1946,Геометрия
1948,Вычислительная математика
1949,Правоведение
1950,Государственная власть и проблемы исскуства
1951,Дискретные математические модели
1952,Введение в проектную деятельность
1953,Антикоррупционная политика
1954,Внешнеэкономические сделки
1955,Актуальные теоретические и методологические проблемы гражданского права
1957,Теория информации и криптография
1958,Введение в компьютерную алгебру
1960,Денежная система и валютное законодательство
1961,Юридически лица как субъекты гражданского права
1962,Экономико-правовой модуль
1963,Дискретная математика
1964,Дискретная математика
1965,Теория информации
1966,Теория кодирования
1967,Язык программирования С++
1968,Учебная практика
1969,Задачи оптимального управления
1970,Математический анализ
1971,Комплексный анализ
1972,Технико-криминалистиченское обеспечение следствия
1973,Международная преступность и международное уголовное право
1974,Численные методы
1975,Численные методы
1976,Практикум на ЭВМ (численные методы)
1977,Практикум на ЭВМ (численные методы)
1978,Конституционное судебное право и судебный процесс
1979,Алгебра
1981,Математические основы защиты информации
1982,Теория чисел
1983,Дополнительные главы алгебры
1984,Методы решения задач школьного курса геометрии
1986,Мобильная разработка
1987,Курс по выбору 1
1988,Вычислительные системы и микропрограммирование
1989,Теория игр и приложения
1990,Геометрия
1991,Элементарная математика и ПРМЗ
1992,Практикум на ЭВМ (численные методы)
1993,Практикум на ЭВМ
1994,Дополнительные главы анализа
1995,Математический анализ
1996,Математический анализ
1997,Информационные технологии: система Латех2е
1998,Дифференциальные уравнения и их системы
2000,Практикум на ЭВМ (численные методы)
2001,Численные методы
2002,Теоретическая механика
2004,﻿Веб-технологии
2005,Математический анализ
2006,Математические модели экономических наук
2007,Компьютерное моделирование
2008,Компьютерная графика
2009,История
2010,Педагогика
2011,Математическая логика
2012,Педагогика
2014,Оценка сложности алгоритмов
2015,Корпоративные информационные системы
2016,Математическая физика
2017,Уравнения Коши-Римана
2018,Дополнительные главы функционального анализа 2
2019,Операционные системы
2020,Современные компьютерные технологии
2021,Обобщенные функции и их приложения
2022,Модели контрактов и распределение ресурсов
2023,Обобщенные функции и их приложения
2024,Аналитическая геометрия
2025,Теория вероятностей и математическая статистика
2026,Алгоритмы решения вычислительно сложных задач
2028,Платформа .НЕТ
2029,Разработка компиляторов
2030,Разработка оптимизирующих компиляторов
2031,Разработка мобильных приложений для системы Андроид
2033,Векторный анализ и теория поля
2035,Курс профилизации: методы исследования устойчивости уравнений матфизики
2036,Дискретные математические модели
2037,Дискретные модели системного анализа
2038,Методика обучения математике
2039,Научно-исследовательский семинар по классической механике
2040,Актуарная математика
2041,Научно-исследовательская работа
2042,Механика материалов
2043,Физико-механический практикум
2044,Компьютерная биомеханика
2045,Методы идентификации динамических систем
2046,Современные компьютерные технологии
2047,Компьютерный практикум по механике (Методы конечных и граничных  элементов в механике)
2048,Современные проблемы ПМ и информатики
2049,Механика полимеров и композитных материалов
2050,Вычислительная механика
2051,Криптографические протоколы
2052,Дифференциальная геометрия и топология
2053,Практикум на ЭВМ (численные методы)
2054,Педагогическая информатика
2055,Методика обучения информатике
2057,Концепции современного естествознания
2058,Распределенные информационные системы
2059,Дифференциальная геометрия и топология
2060,Теория вероятностей и математическая статистика
2061,Геометрия многообразий
2062,Основы программирования
2063,ООП и С++
2064,Проeкционно-сеточные методы и моделирование в МатЛаб
2065,Основы информатики
2066,Основы информатики
2067,Экспериментальные методы в МДДТ
2068,Культура здоровья
2069,Курс по выбору 1
2070,Численные методы
2071,БЖД
2072,БЖД
2073,Асимптотические методы
2074,Анализ программного кода
2075,Программирование в среде Виндовс
2076,Защита информации в сети
2077,Конфигурирование информационных образовательных си
2078,Введение в ООП
2079,Курсовая работа
2080,Курсовая работа
2081,Численные методы линейной алгебры для разреженных матриц
2082,Современные проблемы прикладной математики и информатики
2083,международное уголовное право
2084,Квантовые вычисления
2085,Квантовые вычисления
2086,Реализация функциональных пространств
2087,Информационные технологии в образовании
2088,Языки и методы программирования
2089,Методы идентификации
2090,Современные модели деформируемых систем
2091,Конфигурация информационной образовательной среды
2092,Курсовая работа
2093,Курсовая работа
2095,Философия права
2096,Философия
2099,Администрирование вычислительных кластеров
2100,Актуальные проблемы интеллектуальной собственности
2101,Информатика и ИКТ
2102,Управление проектами
2103,Компьютерные сети
2104,Пакеты компьютерной алгебры
2105,Физика
2106,Моделирование турбулентности
2107,Асимптотические и численные методы в гидроаэродинамике
2108,Оптимизация и обратные задачи в структурном анализе
2109,Методы биоинформатики в задачах идентификации и управления
2110,Теория вероятностей и математическая статистика
2111,Механика разрушений
2116,Курсовая работа
2117,Курсовая работа
2118,Математические модели механики кровообращения
2119,Актуальные проблемы уголовного процесса
2120,Аппаратные и программые средства
2122,Аппаратные и программые средства
2123,Создание интерфейсов для решения задач математической физики
2127,Курсовые работы по курсу Теория автоматов и формальных языков
2129,Краевые задачи
2130,Курсовая работа
2131,Уравнения в частных производных
2132,Неклассические логики
2133,1С: Бухгалтерские объекты
2134,Технология историзации школьного математического образования
2137,Физвоспитание
2138,Преобразование программ
2139,Курс профилизации: численное решение задач прикладной математики
2140,Педагогическая психология
2141,Общая психология
2143,История в лицах
2144,Русский язык и культура речи
2145,Русский язык и культура речи
2146,История в лицах
2147,Курсовая работа
2148,Научно-исследовательский семинар по классической механике
2149,Механика жидкости и газа
2155,Механика жидкости и газа
2156,﻿Экономическая теория
2157,Курсовая работа
2158,Функциональное программирование
2160,Научно-исследовательская работа
2161,1С: Основные объекты
2162,Разработка мобильных приложений для систем Андроид
2164,Научно-исследовательская работа
2165,Иностранный язык
2166,Иностранный язык
2167,Теория чисел
2168,Курсовая работа
2169,Методы оптимизации общения
2170,Научно-исследовательская работа
2171,Курсовая работа
2172,Компьютерное исследование нелинейных динамических систем
2173,Группы Ли и дифференциальные уравнения
2175,Модели защиты информации
2176,Компьютерная графика
2177,Иностранный язык
2178,Математический аппарат и базовые модели структурного анализа
2179,Иностранный язык
2180,Современные численные методы
2181,Теория изгибаний
2182,Курсовая работа
2183,Курсовая работа
2184,Модели защиты информации
2185,Модели компьютерной безопасности
2186,Модели компьютерной безопасности
2187,Методика обучения информатике
2188,Курсовая работа
2189,Методы анализа и синтеза оптимальных конструкций
2190,Интеллектуальные системы
2191,Устойчивость и упр. движение
2192,Немецкий язык
2193,Немецкий язык
2194,Немецкий язык
2195,Введение в биомеханику
2196,Вычислительная механика
2197,Курсовая работа
2198,Уравнения математической физики
2199,Дополнительные главы алгебры
2200,Контактные задачи теории упругости
2201,Компьютерная биомеханика
2202,Курсовая работа
2204,Разработка кросс-платформенных приложений
2205,Обобщенные функции и их приложения
2207,Введение в проектную деятельность.Проект 1.
2208,Экспериментальные методы в МДДТ
2209,Методы оптимизации и исследование операций
2210,Введение в проектную деятельность.Проект 1.
2212,Группы Ли и дифференциальные уравнения
2213,История религии
2214,Машинное обучение
2219,Введение в проектную деятельность.Проект 1.
2222,Информационные системы и сети
2223,Научно-исследовательская работа
2224,Научно-исследовательская практика
2225,Распараллеливающие преобразования программ и разработка многоплатформенного ПО
2226,Международное торговое право
2227,Группы Ли и дифференциальные уравнения
2230,Моделирование наноматериалов и тонкостенных конструкций
2231,Методы исследования устойчивости уравнений матфизики
2232,Введение в проектную деятельность.Проект 1.
2233,Конституционная юстиция как гарант прав местного самоуправления
2234,Процессы с дискретным временем
2235,Методы оптимизации и исследование операций
2236,Методы анализа организаций и моделирования бизнес процессов
2237,Основы построения бизнес-процессов
2238,1С: Основные объекты
2239,Введение в проектную деятельность.Проект 1.
2240,Введение в проектную деятельность.Проект 1.
2242,Введение в компьютерную алгебру
2243,Математические основы защиты информации
2244,Теория алгоритмов
2245,Уравнения математической физики
2246,Технологии БД
2247,Языки программирования
2248,Технологии Джава
2250,Алгебра
2251,Дискретная математика и математическая логика
2252,Избранные разделы алгебры и теории чисел
2253,Философия
2254,Непрерывные математические модели
2255,Платформа .НЕТ
2256,Комплексный анализ
2257,Гражданское право
2258,Гражданское право
2259,Математические модели механики сплошной среды и биомеханики
2260,Компьютерная графика
2261,Уголовный процесс
2262,Актуальные проблемы уголовного процесса
2263,Компьютерное зрение и обработка изображений
2265,Параллельное и многопоточное программирование
2267,Непрерывные математические модели
2268,Право социального обеспечения
2269,Уголовное право (Общая)
2270,Уголовное право (Общая)
2271,Уголовное право (Общая)
2272,Уголовное право (Общая)
2273,Математический анализ
2274,Алгебра
2275,Технология программирования и практикум на ЭВМ
2276,этические и информационные основы юриспруденции
2277,информационные технологии в юриспруденции
2278,Криминология уголовного закона
2279,Методика написания магистерской диссертации
2280,Социальная психология
2281,Уголовное право
2282,Интегральные уравнения
2283,Уголовное право
2284,Уголовное право
2285,Уголовное право
2286,НИС
2287,Мобильная разработка
2288,История политических и правовых учений
2289,Математический анализ
2290,Проблемы теории и практики современного гражданского общества
2291,Административное право
2292,Модуль проектной деятельности
2293,Гражданское право
2294,Теоретическая механика
2295,Актуальные проблемы обязательственного права
2296,Развитие научной теории и законодательства по конституционному и административному праву
2297,Теория государства и права
2298,Политико-правовые ценности России
2299,Методы вычислений
2300,Теоретическая механика
2301,Теоретическая и прикладная механика
2302,Математические модели в механике сплошной среды
2303,Нелинейные задачи теории упругости
2304,Информационные технологии
2305,Научно-исследовательский семинар по механике деформируемых тел и сред
2306,Научно-исследовательская работа
2307,Жилищное право
2308,Теория игр и приложения
2309,НИС
2310,Проблемы теории и практики современного гражданского общества
2311,Дискретные модели системного анализа
2312,Современное уголовное законодательство и практика его применения
2313,Геометрия
2314,Геометрия
2315,Курсовая работа
2316,Гражданское право
2317,Проблемы теории и практики современного гражданского права
2318,Архитектура компьютера и операционные системы
2320,Гражданский процесс
2321,Алгебра и геометрия
2322,Численные методы
2323,Конституционное право
2324,Основные направления развития гражданского процесса
2325,Курс профилизации: теория полезности и кооперативные игры
2326,﻿Архитектура компьютера
2329,Злоупотребления в банкротстве: гражданско-правовой и уголовно-правовой  аспекты
2330,Основы программирования
2331,Алгебра и геометрия
2332,Дискретная математика и математическая логика
2333,Дискретная математика
2334,Алгебра и геометрия
2335,Алгебра и геометрия
2336,Цифровая обработка сигналов
2337,Линейная и общая алгебра
2338,Линейная и общая алгебра
2339,Педагогическая практика
2340,Проблемы интеллектуальной собственности. Защита интеллектуальных прав
2341,Алгоритмы на графах
2342,Введение в юридическую профессию
2343,История религии
2344,Дифференциальные уравнения
2345,Дифференциальные уравнения
2346,Правоведение
2347,Математический анализ
2348,Численные методы обработки данных
2349,Введение в проектную деятельность.Проект 1.
2350,Пакеты компьютерной алгебры
2351,Логическое программирование
2352,Математический анализ
2353,Математический анализ
2354,Экспертиза бухгалтерской (финансовой) отчетности по уголовным делам
2355,Непрерывная математика
2356,Теория чисел и числовые системы
2357,Математический анализ
2358,Нейронные сети
2359,Алгоритмы и структуры данных
2361,Веб-технологии
2362,Волны в сплошных средах
2363,Практикум на ЭВМ по гидроаэродинамике
2364,Аэроакустика
2365,Уравнения математической физики
2366,Функциональный анализ
2367,Современные проблемы математической физики
2369,Дифференциальные уравнения
2370,Теория бифуркаций для уравнений в частных производных
2371,Элементарная математика и ПРМЗ
2372,Немецкий язык
2373,Моделирование сложных систем
2374,Комплексный анализ
2375,Вычислительная математика
2376,Математический анализ
2377,Статистическое моделирование и обработка данных
2380,Эконометрика
2381,Линейная и общая алгебра
2382,Функциональный анализ
2383,Математические модели естественных наук
2384,Научно-исследовательский семинар по классической механике
2385,Курс по выбору
2386,Методика обучения информатике
2387,Проблемы интеллектуальной собственности. Защита интеллектуальных прав
2388,Прикладное программирование и решение задач матфизики
2389,Педагогическая практика
2390,Алгебраические и дискретные структуры информатики
2391,Модуль проектной деятельности
2392,Введение в проектную деятельность.Проект 1.
2394,Методика обучения математике
2395,Криптография
2396,Современные методы защиты информации
2397,Введение в проектную деятельность.Проект 1.
2399,Проект 1
2403,Проект 2
2404,Теория поверхностей
2405,Педагогическая практика
2406,Педагогическая практика
2407,Педагогическая практика
2409,БЖД
2410,Компьютерная графика
2411,КСЕ
2412,Философия
2413,Проектная деятельность.Проект 2
2414,Проект 2
2415,Теория алгоритмов
2416,Математические основы защиты информации
2418,Основные концепции криминологической науки
2419,Численные методы
2420,Функциональный анализ
2421,Гидроупругость
2422,Стохастический анализ
2423,Стохастический анализ
2424,Интегро-дифференциальные уравнения финансовой математики
2425,Педагогика
2426,Экспериментальные методы в гидроаэромеханике
2427,Автоматизация торгового предприятия на базе 1С
2428,Методы оптимизации и исследование операций
2429,Актуальные проблемы уголовно-исполнительного права
2430,Компьютерное моделирование в АНСИС
2431,Теория случайных процессов в механике
2432,Методы анализа организаций и моделирования бизнес процессов
2433,Иностранный язык
2434,Теория случайных процессов
2435,Проект 1
2436,Теория языков программирования
2437,Курсовая работа
2438,Курсовая работа
2439,Непрерывные математические модели
2440,Анализ программного кода
2441,Анализ программного кода
2442,Анализ программного кода
2443,Паттерны проектирования приложений
2444,Разработка корпоративных приложений
2445,Русский язык и культура речи
2446,Математические модели гидродинамики кровообращения
2447,Компьютерная биомеханика
2448,Теория вероятности и математическая статистика
2449,Дополнительные главы функционального анализа 2
2450,Нейронные сети
2451,Немецкий язык
2452,Операторы типа потенциала
2453,Линейная и общая алгебра
2454,курс профилизации: криптография
2455,Алгебраические и дискретные структуры информатики
2456,Моделирование и компьютерный дизайн современных активных материалов
2457,Концепции современного естествознания
2458,Курсы профилизации: метод граничных интегральных уравнений в матфизике
2459,Курсовая работа
2460,Динамика механических систем
2461,Теория пластин и оболочек
2462,Механика полимеров и композитных материалов
2463,Механика полимеров и композитных материалов
2464,Современное семейное право:теория и практика
2465,Иностранный язык
2466,Теория случайных процессов
2467,Проект 2
2468,"Нелинейная динамика, асимптотические и численные методы"
2469,Экспериментальные методы в МСС
2470,Математический аппарат и базовые модели структурного анализа
2471,Иностранный язык
2472,Иностранный язык
2473,Программирование ускорителей параллельных вычислений
2474,﻿Веб-технологии
2475,Курсовая работа
2476,Функциональный анализ
2477,Курсовая работа
2479,Факультатив
2480,Методы анализа и синтеза оптимальных конструкций
2481,Современные модели материалов
2482,Математические методы в механике сплошной среды
2483,Теория информации и криптография
2484,Элементы компьютерной математики в школе
2485,"Курс профилизации: конфигурирование и программирование в системе ""1С: Предприятие"""
2486,Дополнительные главы геометрии
