ID,Name,Abbr
1,Математическая логика и теория множеств,Мат. логика и ТМ
2,Математический анализ,Мат. Анализ
3,Алгебра и геометрия,Алг. и геом.
4,Дискретная математика,Дискр. матем.
5,История,История
6,Теоретическая и практическая механика,Теор. и практ. мех.
7,Консультация,Консультация
8,Практикум на ЭВМ,Практ. ЭВМ
9,Иностранный язык,Иностр. язык
10,Теория и технология программирования,ТиТП
11,Основы программирования,Основы прог-ния
12,Немецкий язык,Немецкий язык
13,Физвоспитание,Физвоспитание
14,Алгебра,Алгебра
15,Основы информатики,Осн. инф.
16,Русский язык,Русский язык
17,Самостоятельная работа,Самост. работа
18,Культура здоровья,Культура здоровья
19,Аналитическая геометрия,Аналит. геом.
20,Спецподготовка,Спецподготовка
21,Физика,Физика
22,Введение в ООП,Введение в ООП
23,Дифференциальные уравнения,Дифф. уравн.
24,Философия,Философия
25,Математические основы защиты информации,МОЗИ
26,Языки программирования,ЯП
27,Дифференциальная геометрия и топология,Дифф. геом. и тополо
28,Математическая логика,Мат. логика
29,Компьютерные науки,Комп. науки
30,Теоретическая физика,Теор. физика
31,Численные методы,Численные методы
32,Векторный анализ и теория поля,Вект. анализ и теори
33,Механика сплошной среды,МСС
34,Теория вероятности и математическая статистика,ТВ и МС
35,Уравнения математической физики,УМФ
36,Избранные главы математического анализа,Избр. главы мат. ана
37,Операционные системы,ОС
38,Компьютерные сети,Комп. сети
39,Функциональный анализ,Функц. анализ
40,Плоские и пространственные задачи теории упругости,С/к
41,Курс по выбору,Курс по выбору
42,Ряды Фурье,Ряды Фурье
43,Физико-механический практикум,Физ.-мех. практ
44,Комплексный анализ,Компл. анализ
45,Паттерны проектирования приложений,Паттерны прогр-ния п
46,Вариационное исчисление и методы оптимизации,Вар.исчисл. и методы
47,Технологии БД,Техн. БД
48,Механическая математика,Мех. матем.
49,Пакет прикладных программ,ППП
50,Алгоритмы на графах,Алг. на графах
51,Теоретическая механика,Теор. мех.
52,Инновационный менеджмент,Инновационный менедж
53,Базы данных,БД
54,Теория автоматов и функциональных языков,Теория автоматов и Ф
55,История религии,История религии
56,Правоведение,Правоведение
57,БЖД,БЖД
58,Параллельное программирование,Параллельное прог-ни
59,Вычислительная механика,Выч. механика
60,Математические модели естественных наук,Мат. модели естеств.
61,Компьютерная графика,Комп. графика
62,Интеллектуальные системы,ИС
63,Устойчивость и упр. движение,Устойчивость и упр. 
64,Дополнительные главы алгебры,Доп. главы алгебры
65,Программная инженерия,Программная инженери
66,Курс по выбору 1,Курс по выбору 1
67,Курс по выбору 2,Курс по выбору 2
68,Эксп. методы в МСС,Эксп. методы в МСС
69,Разработка компиляторов,Разработка компилято
70,Функциональное программирование,Функц-е прогр-е
71,Методы оптимизации общения,Методы опт. общения
72,Теория чисел,Теория чисел
73,КСЕ,КСЕ
74,Экс.методы,Экс.методы
75,Факультатив,Факультатив
76,Вычислительные системы и микропрограммирование,ВСи микропрогр-е
77,Введение в наномеханику,Введение в наномехан
78,История и мет. механики,История и мет. механ
79,Дискретные математические модели,Дискр. мат. модели
80,Современные компьютерные технологии,Совр. комп. технолог
81,История математики,История математики
82,Методы идентификации динамических систем,МИДС
83,Компьютерный практикум по механике,Комп. практ. по меха
84,НИС,НИС
85,История ПМ и И,История ПМ и И
86,Современное программирование,Современное прог-ние
87,Современные проблемы ПМ и М,Совр. проблемы ПМ и 
88,Современные БД,Совр. БД
89,Компьютерный практикум,Комп. практ.
90,Методы анализа и синтеза опт. конст.,Методы анализа и син
91,Эксп. методы в механике ДТ,Эксп. методы в механ
92,Разработка оптимизирующих компиляторов,Разработка опт-х ком
93,Верификация программоного обеспечения,Вериф. ПО
94,Функциональные пространства,Функц. пространства
95,Курс по выбору 3,Курс по выбору 3
96,Современные проблемы механики,Совр. проблемы механ
97,Методы оптимизации и исследование операций,МО и ИО 
98,Алгоритмы и ППП для суперкомпьютеров,Алг и ППП суперЭВМ
99,Теория сложности вычислений,Теор сложности
100,Разработка пользовательского интерфейса на Java,Интерфейсы на Java
101,Многопоточное программирование на Java,Многопоточное прогр
102,Архитектура ОС Windows,Арх Windows
103,Практикум на ЭВМ (численные методы),Практикум. (ч.м.)
104,Введение в администрирование Windows,Админ. Windows
105,Механика материалов,Мех матер
106,Теория чисел и числовые системы,
107,Теоретическая и прикладная механика,Теор и прикл мех
108,Микропрограммирование,Микропрограммировани
109,Интернет-программирование,Интернет-программиро
110,Теория автоматов и формальных грамматик,Теор авт и форм гр
111,Языки и методы программирования,ЯиМП
112,Программирование в среде Windows,Пр-ние в Windows
113,Защита информации в сети,ЗИ в сети
114,Анализ программного кода,Анализ пр-ного кода
115,История информатики и вычислительной техники,История ИиВТ
116,History and methodology of applied mathematics and informatics,
117,﻿Алгебра,
118,Геометрия,
119,Деловой иностранный язык,
120,Дискретная математика в приложениях и задачах,
121,Замечательные кривые,
122,Избранные разделы алгебры и теории чисел,
123,Избранные разделы математического анализа,
124,Избранные разделы элементарной математики,
125,Инновационные процессы в образовании,
126,Информационные образовательные среды,
127,Информационные системы и сети,
128,История избранных разделов высшей геометрии,
129,История математики и математического образования в,
130,Компьютерное моделирование,
131,Компьютерное моделирование в научных исследованиях,
132,Конфигурирование информационных образовательных си,
133,Аппаратно-программное обеспечение образовательного,
134,Математическая логика и теория алгоритмов,
135,Методика обучения и воспитания информатике,
136,Методика обучения информатике на предпрофильном этапе и в профильной школе,
137,"Методика обучения математике в старшей, профильной и в высшей школе",
138,Методика преподавания информатики в системе непрерывного образования,
139,Методология дидактических исследований в информатике,
140,Методология и методы научного исследования,
141,Методология разработки сетевых образовательных ресурсов,
142,Мировые информационные ресурсы,
143,Мультимедиа и Интернет технологии,
144,Общая психология,
145,Общие вопросы элементарной математики,
146,Общие вопросы элементарной физики,
147,Объектно-ориентированное программирование,
148,Основы вариационного исчисления,
149,Основы математической обработки информации,
150,Основы медицинских знаний и здорового образа жизни,
151,Педагогика,
152,Практикум по решению задач на ЭВМ,
153,Приложения математических методов к решению геометрических задач,
154,Программирование для решения профессиональных задач,
155,Программное обеспечение ПК,
156,"Проектирование, разработка и использование информационно-образовательных сред",
157,Развитие пространственного мышления учащихся при изучении курса геометрии в старшей школе,
158,Русский язык в сфере профессиональной коммуникации,
159,Свободно распространяемое программное обеспечение,
160,Современные средства оценивания результатов обучения,
161,Социология,
162,Специальные функции,
163,Средства СПО для обработки графических изображений,
164,Теоретико-методологическое обоснование изучения числовых систем в школьном курсе математики,
165,Теоретические основы информатики,
166,Теоретические основы школьного курса информатики,
167,Теория вероятностей и математическая статистика,
168,Теория и методика математического образования,
169,Теория функций действительного и комплексного переменного,
170,Технологии ресурсного обеспечения информационно-образовательного пространства,
171,Уравнения в частных производных,
172,Цифровые образовательные ресурсы в обучении математики: методика использования и технологии разработки,
173,Числа Фибоначчи и рекуррентные соотношения,
174,Элементарная математика и ПРМЗ,
175,История отечественного государства и права,
176,История государства и права зарубежных стран,
177,Теория государства и права,
178,Римское частное право,
179,Основы истории политических и правовых учений,
180,Латинский язык,
181,Юридическая логика,
182,Трудовое  право,
183,Административное право,
184,Конституционное право,
185,Гражданское право,
186,Уголовное право (Общая),
187,Права человека,
188,Уголовное право,
189,Международное право,
190,Гражданский процесс,
191,Уголовный процесс,
192,Семейное право,
193,Земельное право,
194,Криминалистика,
195,Профессиональная этика,
196,Криминология,
197,Арбитражный процесс,
198,Юридически лица как субъекты гражданского права,
199,Уголовная политика,
200,Источники (государственного) конституционного права,
201,Гражданско-правовые обязательства и способы их обеспечения,
202,Современное пенитенциарное право,
203,Муниципальная власть в РФ,
204,Актуальные проблемы жилищного права,
205,Европейские стандарты в уголовном процессе,
206,Конституционное судебное право и судебный процесс,
207,Неисковые производства,
208,Конституционная юстиция как гарант прав местного самоуправления,
209,Зарубежное и международное уголовное право,
210,История спецслужб,
211,Профессиональная юридическая деятельность,
212,Основы квалификации преступлений,
213,Медицина и уголовный закон,
214,Выборы и становление многопартийности,
215,Защита гражданских прав,
216,Участие прокурора в рассмотрении уголовных дел,
217,Муниципальные финансы,
218,Проблемы становления и развития государства и права Польши,
219,Доказывание и доказательства в гражданском и арбитражном процессе,
220,Конкурентное право,
221,Правовое регулирование строительной деятельности,
222,Актуальные проблемы вещного права,
223,Приложения функционального анализа в МСС,Прил функ ан в МСС
224,Основы механики стенок кровеносных сосудов,
225,Нелинейные задачи теории упругости,Нелин зад теор упр
226,Теория бифуркаций для задач гидродинамики,
227,Основы механики сплошной среды,ОМСС
228,Математические модели в механике сплошной среды,Мат мод МСС
229,Научно-методический семинар,
230,Методы визуализации гидродинамических потоков в среде АНСИС,
231,Динамика атмосферы,
232,Прикладная газовая динамика,
233,Аэроакустика,
234,Практикум на ЭВМ по гидроаэродинамике,
235,Экспериментальные методы в гидроаэродинамике,
236,Актуальные проблемы гидромеханики,АПГ
237,Гидроупругость,Гидроупругость
238,Метод граничных интегральных уравнений,МГИУ
239,Курсы профилизации: метод граничных интегральных уравнений в матфизике,
240,Цифровые образовательные ресурсы в обучении математике: методика использования и технологии разработки,
241,История математики и математического образования в России,
242,Методы теории оболочек в биомеханике,МТОвБ
243,Компьютерное моделирование в ANSYS,КМ в ANSYS
244,Теория случайных процессов в механике,ТСПМ
245,Численные методы решения некорректных задач,ЧМ реш НЗ
246,Моделирование живых систем,МЖС
247,Введение в биомеханику,Введение в БМ
248,Научно-исследовательский семинар по механике деформируемых тел и сред,НИС по МДТС
249,﻿Введение в наномеханику,Введение в НМ
250,Методы анализа и синтеза оптимальных конструкций,
251,Компьютерный практикум по механике (Методы конечных и граничных  элементов в механике),
253,Математические модели компьютерной томографии,ММКТ
254,Модели связанных полей,МСП
255,Современные модели материалов,
256,Приложения функционального анализа в механике сплошных сред,
257,Научно-исследовательский семинар по проблемам биомеханики,
258,Механика разрушений,Мех раз
259,Современные модели теории оболочек,
260,Математические модели механики кровообращения,МММК
261,Компьютерная биомеханика,КБ
262,Методы визуализации динамических систем,МВДС
263,Компьютерное моделирование в Maple,
264,Контактные задачи теории упругости,
265,Современные вычислительные технологии,
266,Экспериментальные методы в МДДТ,
267,Динамика механических систем,
268,Теория пластин и оболочек,
269,Нелинейные задачи теории упругости и пластичности,
270,Прочность материалов и конструкций,
271,Приложения функционального анализа в теории упругости,
272,Обратные задачи в МСС,
273,Обратные задачи в биомеханике,
274,Современные модели деформируемых систем,
275,Моделирование и компьютерный дизайн композитных материалов,
276,Методы компьютерной алгебры в биомеханике,
277,Методы идентификации,МИ
278,Математические модели гидродинамики кровообращения,
279,Лаборатория специализации,
280,Разработка кроссплатформенных приложений,Разработка КП
281,Оценка сложности алгоритмов,Оценка сл алг
282,﻿Компьютерные технологии: графика в печатных документах,ГПД
283,Алгебры непрерывных функций,Алг НФ
284,Курс профилизации: методы исследования устойчивости уравнений матфизики,
285,Информационно-коммуникационные технологии,ИКТ
286,Курс профилизации: компьютерное моделирование потоков,
287,Экспериментальные методы в МСС,
288,Современные информационно-издательские системы,
289,Курс профилизации: численное решение задач прикладной математики,
290,ООП и C++,ООП и C++
291,Дополнительные главы исследования операций,Доп. гл. ИО
292,Кооперативные игры и их приложение,Кооп. игры и прил.
293,Нечеткие экспертные системы,Нечеткие эксп сист
294,Нечеткие множества,Нечеткие множества
295,Математическое моделирование на основе нечетких множеств,
296,Научно-исследовательский семинар: Дополнительные главы теории экстремальных задач,
297,Проектирование информационных систем,
298,СУБД ORACLE,
299,Информационные технологии: система LaTeX2e,
300,Задачи оптимального управления,Зад опт упр
301,Асимптотические методы,АМ
302,Элементы гармонического анализа,
303,Платформа .NET,
304,Теория информации,ТИ
305,Некоммутативные коды,
307,Прикладные задачи математической физики,
308,Модели защиты информации,МЗИ
309,Дополнительные главы функционального анализа 2,Доп гл ф анализа2
310,Уравнения Коши-Римана,Ур К-Р
311,Геометрические методы математической физики,ГММФ
312,Моделирование динамических систем,МДС
313,Технология программирования и практикум на ЭВМ,
314,Мониторинг и управление сложными системами,
315,Моделирование турбулентности,МТ
316,Уравнения с частными производными,УЧП
317,Фи-теория,
318,Актуарная математика,АМ
319,Seminar IT in Engineering,
320,Курс профилизации: программирование на C++,
321,Курс профилизации: процедурно и объектно-ориентированное программирование на C++,
322,Нелинейные модели,НМ
323,Modern problems of applied mathematics and informatics,
324,Web- и XML-технологии,
325,Аппаратные проблемы информационной безопасности,
326,Программные средства информационной безопасности,
327,Защита в сетях,ЗС
328,Mathematical models for biological fluids,
329,Обобщенные функции и их приложения,
330,Аналитическая аэрогидродинамика на компьютере,
331,Динамика вязкого газа,
332,Механика жидкости и газа,
333,Интегральные преобразования и тонкие слои,
334,Теория автоматов и шифров,
335,Модели турбулентности,
336,Компьютерное исследование нелинейных динамических систем,
337,Архитектуры ПК,
338,Компьютерная поддержка задач финансовой математики,
339,"Курс профилизации: конфигурирование и программирование в системе ""1С: Предприятие""",
340,Программирование в среде 1С,
341,Геометрия многообразий,
343,Средства информатизации учебного процесса детей со специальными возможностями,
344,FEM modeling of coupling problems,
345,Discrete models of systems analysis,
346,Курсовая работа,Курсовая
347,заменить,
348,Стандартная библиотека C++,C++ STL
349,Дополнительные главы теории чисел,
350,Модели компьютерной безопасности,МКБ
351,Дополнительные главы дифференциальных уравнений,Доп гл ДУ
352,Теория автоматов и формальных грамматик. Курсовая работа,ТАФГ КР
353,Основы теории вероятностей,Осн теор вер
355,Интегро-дифференциальные уравнения финансовой математики,ИДУ ФМ
356,Группы Ли и дифференциальные уравнения,Гр Ли и ДУ
357,СуперЭВМ,СуперЭВМ
358,Иностранный язык в сфере коммуникации, 
359,Корпоративное право,
360,Муниципальное право,
361,Международное частное право,
362,Налоговое право,
363,Адвокатура в РФ,
364,Актуальные проблемы ответственности в гражданском праве,
365,Государство и право как институты современного гражданского общества,
366,КПЗС,
367,Несостоявшиеся и недействительные сделки,
368,Основные направления развития гражданского процесса,
369,Проблемы доказывания в уголовном судопроизводстве и судебная экспертиза,
370,Проблемы теории и практики современного гражданского общества,
371,Развитие научной теории и законодательства по конституционному и административному праву,
372,Состояние и тенденции развития уголовного судопроизводства России,
373,Теория федерализма,
374,Уголовное законодательство: современное состояние и перспективы развития,
375,Финансово-экономическая основа местного самоуправления,
376,Правоохранительные органы,
377,Предпринимательское право,
378,Право социального обеспечения,
379,Финансовое право,
380,Английский язык для общения в сфере профессиональной деятельности,
381,Защита прав потребителей,
382,Культура речевого общения,
383,Нотариат в РФ,
384,Основы ОРД,
385,Правовые семьи сложносоставных гособразований,
386,Профессиональные навыки юриста,
387,Психология преодоления коммуникативных барьеров: личностный и профессиональный аспекты,
388,Психотехнологии развития личности,
389,Тренинг коммуникативной компетентности и креативности,
390,Архитектура вычислительных систем,
391,Архитектура компьютеров,
392,Информационные технологии,
393,Курс профилизации: алгоритмы алгебры и теории чисел,
394,Курс профилизации: сетевые технологии,
395,Логическое программирование,
397,Метапрограммирование в C++,
398,Нейронные сети,
399,Разработка корпоративных приложений,
400,Теория алгоритмов,
401,Теория информации и криптография,
402,Алгоритмы быстрых вычислений,
403,Вычислительная математика,
404,Непрерывные математические модели,
405,"Устойчивость динамических систем, бифуркации и хаос",
406,Создание программного обеспечения,
407,"Нелинейная динамика, асимптотические и численные методы",
408,Современные численные методы,
409,Избранные главы нелинейной динамики,
410,Прикладное программирование и решение задач матфизики,
411,Теория катастроф и ее приложения,
412,Теория ветвления решений нелинейных уравнений математической физики,
413,Дополнительные главы математической физики,
414,"Конфигурирование и программирование в системе ""1С: Предприятие""",
415,Теория случайных процессов,
416,Основания геометрии,
417,Геометрическая теория многогранников,
418,"Теория вероятностей, математическая статистика",
419,Компьютерные технологии: графика в печатных документах,
420,Научные основы элементарной математики,
421,Алгебра линейных операторов в конечномерных линейных пространствах,
422,Исследование операций и методы оптимизации,
423,Системы линейных дифференциальных уравнений и методы их решения,
424,Геометрические построения на перспективном чертеже,
425,Методика подготовки учащихся к участию в математических конкурсах и олимпиадах,
426,Методика обучения математике,
427,Методика обучения учащихся решению текстовых задач в основной школе,
428,Дифференциальная геометрия. Теория кривых,
429,Развитие пространственного мышления учащихся при изучении курса геометрии в основной школе,
430,Приложение математических методов к решению геометрических задач,
431,Алгебра и аналитическая геометрия,
432,Алгоритмы решения вычислительно сложных задач,
433,Дискретная математика и математическая логика,
434,Кодовые криптосистемы,
436,Криптография,
437,Курс профилизации: объектно-ориентированное программирование,
438,Курс профилизации: основы финансовой математики,
439,Курс профилизации: уравнения типа свертки,
440,Курсовые работы по курсу Теория автоматов и формальных языков,
441,Линейная и общая алгебра,
442,Методы алгебраической геометрии,
443,Методы защиты информации,МетЗИ
444,Неклассические логики,
445,Параллельное и многопоточное программирование,
446,Преобразование программ,
447,Программирование ускорителей пераллельных вычислений,
448,Псевдодифференциальные операторы,
449,Разработка пользовательского интерфейса,
450,Семантика языков программирования,
451,Сингулярные интегральные уравнения,
452,Цифровая обработка сигналов,
453,Анализ и обработка изображений,
454,Искусственный интеллект, ИИ
455,Математическая экология,
456,Интегральные уравнения,
457,Пространства гладких функций,
458,Пакеты прикладных программ,ППП
459,Физико-математический практикум и вычислительная механика,
460,Вариационные исчисления и методы оптимизации,ВИ и МО
462,Моделирование современных композиционных материалов,
463,Теория и технология метода конечных элементов,
464,Механика полимеров и композитных материалов,
465,Основы Web-дизайна,
466,Mathematical models of continuum mechanics and biomechanics,
467,Computer algebra methods and applications,
468,Математические основы искусственного интеллекта,
469,Процессы Леви и финансовая математика,
470,Процессы с дискретным временем,
471,Проeкционно-сеточные методы и моделирование в MatLab,
472,Генетические алгоритмы и нейронные сети,
473,Моделирование и компьютерный дизайн современных активных материалов,
474,Концепции современного естествознания,
475,Информационные системы и технологии в инженерной деятельности,
476,Концепции современного естествознания (Математические модели в естествознании и экологии),
477,Modern numerical methods in mathematical modeling,
478,Stochastic modeling and statistical data processing techniques,
479,Numerical methods of linear algebra for sparse matrices, 
480,Курс профилизации: асимптотические и численные методы,
481,Курс профилизации: метод граничных интегральных уравнений в матфизике,
482,Практикум на ЭВМ по гидроаэромеханике,
483,Физико-механический практикум и вычислительная механика,
484,Динамика вязкой жидкости,
485,Алгоритмы и структуры данных,
486,Информационные технологии в профессиональной деятельности,
487,"Inverse problems, identification and optimization",
488,Численные методы в аэрогидродинамике,
489,Факультативный курс 2: Динамика атмосферы,
490,"Теория полезности, кооперативные игры и их приложения",
491,Курс профилизации: теория полезности и кооперативные игры,
492,Основы стохастической финансовой математики,
493,Математические модели и вычислительные методы финансовой математики,
494,Инфокоммуникационные системы и сети,Сети (ВО)
496,Суперкомпьютеры,
497,Сети Ethernet и TCP/IP (ТК),Сети (ТК)
498,Научно-исследовательская работа,НИР
500,Исследование операций,ИО
501,Алгоритмы оптимизации на графах,АОнГ
502,Теория полезности и кооперативные игры,ТеорияПиКоопИгры
503,Эконометрика,Эконометрика
504,Теория мартингалов с дискретным временем,ТМсДВ
505,Детерминированная финансовая математика,ДетерФМ
506,Технологии Java,Технологии Java
507,﻿Архитектура компьютера,Арх-ра ком
508,Введение в информатику,Введ. в инф.
509,Использование свободно-распространяемого программного обеспечения,ИСР ПО
510,Методические системы обучения информатике на разных уровнях образования,МСОИ
511,Методологический семинар,Метод. сем.
512,Педагогические риски информатизации образования,Пед.риски ИО
513,Программное обеспечение педагогического исследования,ПОПИ
514,Свободно- распространяемое программное обеспечение в профессиональной деятельности,СР ПО в пр.д.
515,Современные проблемы науки и образования,СПНО
516,Технологии веб-дизайна образовательных ресурсов,Техн.веб-диз.
517,Педагогическая информатика,Пед.инф.
518,Программирование,Программир.
519,Программирование на Turbo Pascal,Прогр. на TP
520,История информатики,Ист.информ.
521,Методика обучения ИКТ взрослых слушателей,МО ИКТ ВС
522,Основы искусственного интеллекта,ОИИ
523,Программирование на языке PYTHON,Прогр.PYT.
524,﻿Банковские услуги для предприятий,
525,Внешнеэкономическая деятельность,
526,Государственное регулирование экономики,
527,"Деловая игра ""Документационное обеспечение производства""",
528,"Деловая игра ""Корпорация+""",
529,"Деловая игра ""Майнд-менеджмент""",
530,Деловые коммуникации,
531,"Деловая игра ""Маркетинговая стратегия предприятия""",
532,Инвестиционный анализ в условиях  кризиса,
533,Институциональная экономика,
534,История развития управления,
535,История развития управленческой мысли,
536,Корпоративное управление,
537,Лизинг и факторинг,
538,Логистика,
539,Маркетинг взаимодействий,
540,Маркетинг инноваций,
541,Маркетинговые информационные системы,
542,Маркетинговые исследования,
543,Маркетинговые коммуникации,
544,Математика,
545,Менеджмент,
546,Методы принятия управленческих решений,
547,Налоговое планирование на предприятии,
548,Оценка стоимости бизнеса,
549,Поведение потребителей,
550,Производственный менеджмент,
551,Риск-менеджмент,
552,Русский язык в сфере профессиональной деятельности,
553,Связи с общественностью,
554,Социально-экономическая статистика,
555,Сравни тельный  менеджмент,
556,Стратегический маркетинг,
557,Теоретические основы реструктуризации,
558,Управление инвестициями,
559,Управление качеством,
560,Управление проектами,
561,Управление стоимостью компании,
562,Управление человеческими ресурсами,
563,Управленческий учет,
564,Физическая культура,
565,Финансовая безопасность предприятия,
566,Финансовая математика,
567,Финансовый анализ,
568,Финансовый инжиниринг,
569,Финансовый риск-менеджмент,
570,Экономическая безопасность бизнеса,
571,Экономическая оценка инвестиций,
572,Project expert,
573,"Актуальные проблемы представления научных исследований: статьи, тезисы, доклады, диссертации",
574,Банковские услуг для предприятий,
575,Бенчмаркинг и маркетинговые исследования,
576,"Бизнес-тренинг ""Развитие предприятия""",
577,Государственное и муниципальное управление,
578,"Деловая игра ""Консалт-эффект""",
579,"Деловая игра ""Маркетинг-аналитик""",
580,"Деловая игра ""Предприятие""",
581,Документооборот,
582,Игровые модели принятия решений,
583,Имитационное моделирование,
584,Инвестиционный анализ в условиях кризиса,
585,Иностранный язык (английский),
586,Иностранный язык (немецкий),
587,Иностранный язык в профессиональной сфере (английский),
588,Информационные модели предприятия,
589,Информационные технологии в менеджменте,
590,Информационные технологии финансового менеджмента,
591,Исследование систем управления,
592,История и методология экономической науки и практики,
593,История менеджмента,
594,Конкурентная отраслевая стратегия,
595,Контроллинг логистических бизнес-процессов,
596,Корпоративная культура,
597,Корпоративная социальная ответственность,
598,Корпоративные финансы,
599,Коучинг,
600,Логистика распределения и сбыта,
601,Логистика складирования и управления запасами,
602,Логистика снабжения,
603,Маркетинг,
604,Маркетинг в коммерческой деятельности,
605,Маркетинг в отраслях и сферах,
606,Маркетинг интеллектуальных услуг,
607,Маркетинг на рынках В2В,
608,Маркетинг отношений,
609,Маркетинг услуг,
610,Маркетинг услуговых сфер,
611,Маркетинговая технологии ценообразования,
612,Маркетинговые исследования рынка,
613,Маркетинговые технологии ценообразования,
614,Менеджмент в сфере услуг,
615,Методы анализа и моделирования бизнес-процессов,
616,Методы исследований в менеджменте,
617,Оперативное управление,
618,Операции с ценными бумагами,
619,Организационное поведение,
620,Основы бизнеса,
621,Основы стратегического управления,
622,Отраслевой маркетинг,
623,"Позиционирование компании, товара, личности",
624,Правовое регулирование несостоятельности,
625,Практикум по финансовому анализу,
626,Региональный маркетинг,
627,Современные методы управления,
628,Современные проблемы менеджмента,
629,Современный стратегический анализ,
630,Специфика маркетинга: компаративный анализ,
631,Сравнительный менеджмент,
632,Стратегический менеджмент,
633,Стратегический менеджмент малых и средних предприятий,
634,Стратегическое управление логистикой,
635,Стратегия управления бизнес-процессами,
636,Стратегия управления муниципальными образованиями,
637,Теории и технологии современного маркетинга,
638,Теория и практика антикризисного управления,
639,Теория и практика принятия управленческих решений,
640,Теория организации и организационное поведение,
641,Теория систем и системный анализ,
642,Теория статистики,
643,Территориальный маркетинг,
644,"Товароведение, экспертиза и стандартизация",
645,Транспортировка в логистических системах,
646,Тренинг,
647,Управление конкурентоспособностью предприятия,
648,Управление маркетингом,
649,Управленческая экономика,
650,Финансовая система России,
651,Финансово-коммерческая среда в Internet,
652,Финансовые рынки и финансовые инструменты,
653,Финансовый бухгалтерский учет,
654,Финансовый инжениринг,
655,Финансовый менеджмент,
656,Экологический менеджмент,
657,Электронный маркетинг,
658,﻿Стеганография,﻿Стеганография
659,"﻿Современные технологии сбора, обработки и анализа правовой информации",
660,﻿Web-технологии,
661,Веб-технологии,
662,﻿Дифференциальное исчисление на алгебраических многообразиях,
663,﻿Теория игр и ее приложения,
664,﻿Моделирование информационных систем,МИС
665,﻿Программирование,Прогр
666,Методы анализа организаций и моделирования бизнес процессов,МАОиМБП
667,﻿1С:УТ,1С:УТ
668,﻿Платформа 1С,Платформа 1С
669,Теория конечных графов,ТКГ
670,﻿Дополнительные главы теории экстремальных задач,ДГ ТЭЗ
671,﻿Экономическая теория,ЭТ
672,﻿Основы финансовой математики,ОФМ
673,Математический английский,Мат англ
674,﻿Психологические основы воспитания,ПОВ
675,﻿Уравнения типа свертки,УТС
676,﻿Возрастная анатомия и физиология,ВАиФ
677,Введение  в педагогическую деятельность,ВвПД
678,Эволюция вселенной,ЭВ
679,Возрастная психология,ВП
680,Социальная психология,СП
681,Физическое воспитание,ФВ
682,Экономика образования,ЭО
683,﻿Преддипломная практика,Преддип пр
684,Учебная практика,Уч пр
685,Научно-исследовательская практика,НИП
686,Научно-педагогическая практика,НПП
687,Педагогическая практика,Пед пр
688,﻿Интегральные операторы с однородными ядрами,ИО с ОЯ
689,Основы построения бизнес-процессов, ОПБП
690,"Гражданско-правовые договоры,регулирующие инвестиционные отношения",гпд
691,Юридическая конфликтология,юридич
692,Компьютерная верстка в TeX,КВерст.TeX
693,Дифференциальная геометрия,ДифГеом
694,Распределенные БД,Распр.БД
695,Универсальный пакет Maple,Пакет Maple
696,Методы вычислений,МетВыч
697,Теория автоматов и формальных языков,ТА и ФЯ
698,Теория кодирования,Теор.кодир-я
699,Русский язык и культура речи,Русск.яз и культ.реч
700,История в лицах,История в лицах
701,Математические модели экономических наук,ММЭН
702,Advanced problems of M.P.,AdvProblMP
703,Банахова алгебра,БанахАлг
704,Distributed applications development,DistrAppDev
705,Теория сферических гармоник,ТСфГ
706,Parallel and distributed programming,Par&DistPr
707,История и методология ПМ и Информатики,ИиМПМиИ
708,Модели контрактов и распределение ресурсов,МКиРР
709,Администрирование вычислительных кластеров,АдмВК
710,Дополнительные главы анализа,ДопГлАн
711,Теория устойчивости,ТУст
712,Особенности построения масштабируемых сетей,ОПМС
713,1С: УПП,1С: УПП
714,1С: Основные объекты,1С: Осн.об.
715,Современные проблемы ПМ и информатики,СППМиИ
716,Корпоративные информационные технологии,КорпИТ
717,Дополнительные главы алгебры и дискретной математики,ДопГлАиДМ
718,Modern Comp. Tech.,ModernCT
719,Дополнительные главы геометрии,ДопГлГеом
720,Элементы теории групп,Эл-ты ТГ
722,Курс по выбору: ОК-1,ОК-1
723,Педагогическая психология,ПедПсих-я
724,Естественно-научная картина мира,ЕНКМ
726,Рекуррентные соотношения,РекСоотн.
727,Компьютерная математика,КМ
728,Педагогическая риторика,ПедР
729,Теоретическая педагогика,ТеорПед
730,Основы операционного исчисления,ОсновыОИ
731,Modern Computer Technologies,ModCompTech
732,Машинное обучение,МашОбучение
734,Непрерывная математика,Непр.матем.
735,Теория поверхностей,ТеорПоверх
736,Дифференциация в правовом регулировании трудовых отношений,дифф
737,Пересмотр судебных постановлений в гражданском процессе,Пересмотр
738,Профессиональная этика и стандарты антикоррупционного поведения,проф
739,Насильственная преступность и криминальная агрессия,наси
740,Альтернативы уголовной ответственности,Альтернативы
741,Правовые основы антикризисного управления,Прав
742,Внутригосударственные и международно-правовые механизмы защиты основных прав и свобод,внутри
743,Актуальные проблемы уголовного права ч.1,Актуал
744,Актуальные проблемы теории права,актуал
745,Философия права,фило
746,Сравнительное правоведение,сравнит
747,История политических и правовых учений,история
748,История и методология юридической науки,история
749,Практикум на ЭВМ (компьютерные сети),КС практикум
750,История и методология механики,ИММ
751,Методика написания магистерской диссертации,метод
752,Разработка мобильных приложений для систем Android,Моб.прил-я
753,Теоретические и практические проблемы семейного права,теорети
754,Основные теоретические и методологические проблемы гражданского права,основ
755,Сделки: проблемы теории и правоприменения,сделки
756,Имущество в системе объектов гражданских прав,имцщество
757,Правовое регулирование сделок с объектами природопользования,правовое
758,Цивилистическая теория защиты прав,цивил
759,Психологические основы гражданско-правового регулирования,психолог
760,Актуальные проблемы уголовно-исполнительного права,актуал
761,Уголовное право зарубежных стран,уголов
762,Основные концепции криминологической науки,основные
763,Восстановительное правосудие и альтернативы уголовной ответственности,восстановит
764,Влияние решений Европейского Суда на уголовное судопроизводство,влияние
772,Методы исследования устойчивости уравнений матфизики,
779,Теория бифуркаций для уравнений в частных производных,
784,Методика обучения информатике,МОИ
790,Методика обучения информатике в начальной школе и дошкольных образовательных учреждениях,МОИ в нач.школе
792,Программирование на C и C++,"Прогр. С,С++"
794,Распределенные базы данных,Распр. БД
796,Визуализация контента образовательной сети,Визуал.обр.среды
797,Инновационная компьютерная дидактика,Иннов.комп.дидакт.
800,Моделирование системы проектно-исследовательской деятельности педагога и обучающихся,МСП-ИД
802,Цифровая обработка изображений,ЦОИ
803,Философия и методология науки,ФиМН
804,Актуальные теоретические и методологические проблемы гражданского права,актуал
805,Управляемые диффузионные процессы и финансы,Упр.диффуз-е проц. и
806,Стохастическое интегрирование,Стох-е интегрир.
807,Современное уголовное законодательство и практика его применения,соврем
808,Актуальные проблемы уголовного права (ч.2),Актуал
809,Информационные системы поддержки принятия решений,ИСППР
810,виктимология,вик
811,Политико-правовые ценности России,Полит
812,Экономическая политика в сфере информационных технологий,ЭП в сфере ИТ
813,"Modern computer technologies
Web/XML-технологии
Анализ программного кода 1
Анализ программного кода (КН)
Архитектура вычислительных систем
Архитектура компьютеров (1 поток)
Архитектура компьютеров (2 ",
814,Введение в UNIX-подобные OC,введение в unix
815,Теория языков программирования,ТЯП
816,Математическая логика и дискретная математика,МЛ и ДМ
817,Разработка приложений для мобильных телефонов,РПМТ
818,Дискретные модели системного анализа,ДМСА
819,Дифференциальные уравнения и их системы,ДУ и ИС
820,"Генетические алгоритмы, нейронные сети и моделирование в MatLab",ГАиНСиМ
821,История физики,История физики
822,Вычислительная гидроаэродинамика,ВГАД
823,Распараллеливающие преобразования программ и разработка многоплатформенного ПО,РПП и РМПО
824,Обратные задачи в естествознании,ОЗ в естествознании
827,Введение в проектную деятельность.Проект 1.,Проект 1
828,Современные методы защиты информации,СМЗИ
829,Стохастическое моделирование и методы обработки данных,СМиМОД
831,Информационно-коммуникационные технологии в образовании,ИКТвО
832,Администрирование серверных систем на базе Windows,АСС Windows
833,Стохастический анализ,Стохастический анали
834,Технологические вопросы внедрения 1С,ТВВ 1С
835,1С: Бухгалтерия,1С: Бухгалтерия
836,1С: Бухгалтерские объекты,1С БО
837,Адаптация 1С,Адаптация 1С
838,юридические лица,юрид
839,Ювенальное уголовное право,ювенал
840,Преступления в сфере здравоохранения,преступ
842,"Оказание медицинской помощи: уголовно-правовые, уголовно-исполнительные и криминологические аспекты",Оказание
843,Экономические и коррупционные преступления,Эконом
844,Ювенальное уголовное право и правосудие с участием несовершеннолетних,ювенал
845,Экспертиза бухгалтерской (финансовой) отчетности по уголовным делам,экспертиза
846,Mobile Development,Mob_Dev
847,Актуальные проблемы уголовного права,Актуал
848,Актуальные проблемы уголовного процесса,Актуальные
849,Проблемы жилищного и наследственного права,Проблемы
850,Ораторское искусство,оратор
851,Прокуратура и прокурорская деятельность,прокуратура
852,Судопроизводство в мировых судах,судопроиз
853,Государственная власть и проблемы исскуства,Государственн
854,Введение в проектную деятельность,введение
855,Антикоррупционная политика,антикор
856,Внешне-экономические сделки,внешне
857,Внешнеэкономические сделки,Внешнеэкономически
858,психология деловых и межличностных коммуникаций,психо
859,Денежная система и валютное законодательство,денежная
860,Международное торговое право,международ
861,Международная преступность и международное уголовное право,международ
862,Технико-криминалистиченское обеспечение следствия,технико
863,Экономико-правовой модуль,ЭПМ
864,Теория игр и приложения,ТИ
865,Введение в компьютерную алгебру,ВКА
866,"Cross-platform Applications Development
CS101. Основы программирования","CS101
CS104. Непреры"
867,Cross-platform Applications Development,CS101. Основы програ
870,CS101. Основы программирования,CS101
871,CS104. Непрерывная математика,CS104
872,CS201. Математическая логика,CS201
873,CS203. Теория алгоритмов,CS203
874,CS207. Математические основы защиты информации,CS207
875,CS211. Язык программирования C++,CS211
876,CS221/223. Архитектура компьютера и операционные системы,CS221/223
877,Quantum Computing,QC
878,Алгоритмы общей алгебры и теории чисел,
880,Квантовые вычисления,
882,Методы решения задач школьного курса геометрии,МРЗ ШКГ
883,Технология историзации школьного математического образования,Тех.ист.шк.матобраз.
885,Компьютерная безопасность и анализ программного кода,Комп.без.
886,Криптографические протоколы,Крипт.прот.
891,Алгебраические и дискретные структуры информатики,Ал.и диск. с.и.
893,Компьютерная безопасность,ком.без.
896,Численные методы обработки данных,ЧисМОД
904,Компьютерные сети (практикум),к.с.
905,курс профилизации: асимптотические методы,ас.м.
906,курс профилизации: криптография,крип.
907,курс профилизации: обобщённые функции,обобщ.ф.
908,курс профилизации: помехоустойчивое кодирование,пом.к.
916,Платформа. NET,пл.NET
917,Программирование ускорителей параллельных вычислений,Пр.усп.в.
921,Стандартная библиотека С++,С++
928,Создание интерфейсов для решения задач математической физики,Соз.инт.
932,Конфигурирование и программирование в системе «1С: Предприятие»,Конф. и пр.в 1С
933,Advanced problems of Mathematical physics,A.p.of M.p.
943,курс профилизации: защита в сетях,Защ.в с.
944,курс профилизации: разработка корпоративных приложений,Р.к.п.
947,Курс профилизации: Избранные главы математического анализа,Избр.г.м.а.
948,"Дисциплины по выбору из корзины (""Maple"")",Maple
949,Latex,Latex
950,Курс профилизации: Целые функции,Цел.ф.
951,Курс профилизации: Целые функции 2,Цел.ф.2
952,Maple,Maple
953,Реализация функциональных пространств,Реал.ф.п.
954,Краевые задачи,кр.з.
955,Теория изгибаний,Теор.и.
958,"Дисциплины по выбору из ""корзины""(Информационные технологии)",Дисц.п.в.
959,Курс профилизации:геометрическая теория многогранников,геом.мн.
962,Дополнительные главы спектральной теории операторов,спект.т.
963,Операторы типа потенциала,опер.т.п.
964,курс профилизации: пространство гладких функций,прост.г.ф.
965,курс профилизации: интегральные уравнения,интег.у.
967,Контактные задачи,Кон.з.
969,Экспериментальные методы в механике деформируемого твердого тела,Эксп.метод.в м.д.т.т
974,Математические методы в механике сплошной среды,Мат.м.в м.спл.с.
976,"Математические методы в механике сплошной среды, ч.II",Мат.м.в м.спл.с.2
977,Приложение функционального анализа в механике сплошной среды,Прил.фун.ан.в мсс
983,Разработка мобильных приложений для системы Android,Раз.м.прил.And.
984,Моделирование сложных систем,Мод.с.с.
985,Корпоративные информационные системы,Кор.и.с.
987,"Дополнительные главы спектральной теории операторов,Доп.г.с.т.о.",
988,"Операторы типа потенциала,о.т.п.",
989,"Пространства гладких функций,Пр.г.ф.",
991,Математическая физика,Мат физ
997,Экспериментальные методы в гидроаэромеханике,Экс.м. в гид.
1000,Механика сплошных сред,М.С.С.
1003,Курс профилизации:компьютерное моделирование потоков,ком.м.п.
1005,Научно-исследовательский семинар по классической механике,НИСпо кл.мех.
1006,Асимптотические и численные методы в гидроаэродинамике,Асс.ичис.мет.в гидр.
1007,Волны в сплошных средах,Вол.вСС
1008,Научно-исследовательский семинар по проблемам МЖГ,НИС по пр.МЖГ
1009,Распределенные информационные системы,РИС
1010,международное уголовное право,межд
1011,Информатика и ИКТ,И и ИКТ
1012,Информационные технологии в образовании,ИТ в обр.
1013,Конфигурация информационной образовательной среды,КИОС
1014,Актуальные проблемы интеллектуальной собственности,Актуал
1017,Пакеты компьютерной алгебры,ПКА
1018,Математический аппарат и базовые модели структурного анализа,Ма и бмса
1020,Методы биоинформатики в задачах идентификации и управления,метод био в зад.
1021,Оптимизация и обратные задачи в структурном анализе,оптим. и обр.зад. ст
1022,Аппаратные и программые средства,А и Пр. ср.
1023,корпоративная теория игр,ктр
1024,Моделирование наноматериалов и тонкостенных конструкций,МНМиТК
1027,Компьютерное зрение и обработка изображений,Комп. зрение и обр. 
1028,этические и информационные основы юриспруденции,этическ
1029,информационные технологии в юриспруденции,инфор
1030,Криминология уголовного закона,крими
1031,Актуальные проблемы обязательственного права,актуал
1032,Модуль проектной деятельности,МПД
1033,Жилищное право,жилищ
1034,Проблемы теории и практики современного гражданского права,проблемы
1035,Злоупотребления в банкротстве: гражданско-правовой и уголовно-правовой  аспекты,злоупот
1036,Проблемы интеллектуальной собственности. Защита интеллектуальных прав,Проблемы
1037,Введение в юридическую профессию,введение
1038,Statistical Modeling and Data Processing,SMDP
1039,Проект 1,Проект 1
1040,Проект 2,Проект 2
1041,Проектная деятельность.Проект 2,Проект 2
1042,Проект2,Проект 2
1043,Элементы компьютерной математики в школе,Элементы КМ в школе
1044,Автоматизация торгового предприятия на базе 1С,АвтоматизацияТП в 1С
